2025-11-04 12:29:00 warning: compact(): Undefined variable $categorias
Request URL: /categorias
Referer URL: http://localhost/inventario/produtos
Trace:
C:\xampp\htdocs\inventario\src\Controller\CategoriasController.php C:\xampp\htdocs\inventario\src\Controller\CategoriasController.php, line 23
App\Controller\CategoriasController->index() C:\xampp\htdocs\inventario\vendor\cakephp\cakephp\src\Controller\Controller.php, line 560
Cake\Controller\Controller->invokeAction() C:\xampp\htdocs\inventario\vendor\cakephp\cakephp\src\Controller\ControllerFactory.php, line 140
Cake\Controller\ControllerFactory->handle() C:\xampp\htdocs\inventario\vendor\cakephp\cakephp\src\Controller\ControllerFactory.php, line 115
Cake\Controller\ControllerFactory->invoke() C:\xampp\htdocs\inventario\vendor\cakephp\cakephp\src\Http\BaseApplication.php, line 325
Cake\Http\BaseApplication->handle() C:\xampp\htdocs\inventario\vendor\cakephp\cakephp\src\Http\Runner.php, line 86
Cake\Http\Runner->handle() C:\xampp\htdocs\inventario\vendor\cakephp\cakephp\src\Http\Middleware\CsrfProtectionMiddleware.php, line 176
Cake\Http\Middleware\CsrfProtectionMiddleware->process() C:\xampp\htdocs\inventario\vendor\cakephp\cakephp\src\Http\Runner.php, line 82
Cake\Http\Runner->handle() C:\xampp\htdocs\inventario\vendor\cakephp\cakephp\src\Http\Middleware\BodyParserMiddleware.php, line 157
Cake\Http\Middleware\BodyParserMiddleware->process() C:\xampp\htdocs\inventario\vendor\cakephp\cakephp\src\Http\Runner.php, line 82
Cake\Http\Runner->handle() C:\xampp\htdocs\inventario\vendor\cakephp\cakephp\src\Routing\Middleware\RoutingMiddleware.php, line 189
Cake\Routing\Middleware\RoutingMiddleware->process() C:\xampp\htdocs\inventario\vendor\cakephp\cakephp\src\Http\Runner.php, line 82
Cake\Http\Runner->handle() C:\xampp\htdocs\inventario\vendor\cakephp\cakephp\src\Routing\Middleware\AssetMiddleware.php, line 68
Cake\Routing\Middleware\AssetMiddleware->process() C:\xampp\htdocs\inventario\vendor\cakephp\cakephp\src\Http\Runner.php, line 82
Cake\Http\Runner->handle() C:\xampp\htdocs\inventario\vendor\cakephp\cakephp\src\Error\Middleware\ErrorHandlerMiddleware.php, line 149
Cake\Error\Middleware\ErrorHandlerMiddleware->process() C:\xampp\htdocs\inventario\vendor\cakephp\cakephp\src\Http\Runner.php, line 82
Cake\Http\Runner->handle() C:\xampp\htdocs\inventario\vendor\cakephp\debug_kit\src\Middleware\DebugKitMiddleware.php, line 60
DebugKit\Middleware\DebugKitMiddleware->process() C:\xampp\htdocs\inventario\vendor\cakephp\cakephp\src\Http\Runner.php, line 82
Cake\Http\Runner->handle() C:\xampp\htdocs\inventario\vendor\cakephp\cakephp\src\Http\Runner.php, line 67
Cake\Http\Runner->run() C:\xampp\htdocs\inventario\vendor\cakephp\cakephp\src\Http\Server.php, line 99
Cake\Http\Server->run() C:\xampp\htdocs\inventario\webroot\index.php, line 40
[main]

2025-11-04 12:29:00 warning: Undefined variable $categorias
Request URL: /categorias
Referer URL: http://localhost/inventario/produtos
Trace:
C:\xampp\htdocs\inventario\vendor\cakephp\cakephp\src\View\View.php C:\xampp\htdocs\inventario\vendor\cakephp\cakephp\src\View\View.php, line 1222
Cake\View\View->_evaluate() C:\xampp\htdocs\inventario\vendor\cakephp\cakephp\src\View\View.php, line 1179
Cake\View\View->_render() C:\xampp\htdocs\inventario\vendor\cakephp\cakephp\src\View\View.php, line 810
Cake\View\View->render() C:\xampp\htdocs\inventario\vendor\cakephp\cakephp\src\Controller\Controller.php, line 790
Cake\Controller\Controller->render() C:\xampp\htdocs\inventario\vendor\cakephp\cakephp\src\Controller\Controller.php, line 569
Cake\Controller\Controller->invokeAction() C:\xampp\htdocs\inventario\vendor\cakephp\cakephp\src\Controller\ControllerFactory.php, line 140
Cake\Controller\ControllerFactory->handle() C:\xampp\htdocs\inventario\vendor\cakephp\cakephp\src\Controller\ControllerFactory.php, line 115
Cake\Controller\ControllerFactory->invoke() C:\xampp\htdocs\inventario\vendor\cakephp\cakephp\src\Http\BaseApplication.php, line 325
Cake\Http\BaseApplication->handle() C:\xampp\htdocs\inventario\vendor\cakephp\cakephp\src\Http\Runner.php, line 86
Cake\Http\Runner->handle() C:\xampp\htdocs\inventario\vendor\cakephp\cakephp\src\Http\Middleware\CsrfProtectionMiddleware.php, line 176
Cake\Http\Middleware\CsrfProtectionMiddleware->process() C:\xampp\htdocs\inventario\vendor\cakephp\cakephp\src\Http\Runner.php, line 82
Cake\Http\Runner->handle() C:\xampp\htdocs\inventario\vendor\cakephp\cakephp\src\Http\Middleware\BodyParserMiddleware.php, line 157
Cake\Http\Middleware\BodyParserMiddleware->process() C:\xampp\htdocs\inventario\vendor\cakephp\cakephp\src\Http\Runner.php, line 82
Cake\Http\Runner->handle() C:\xampp\htdocs\inventario\vendor\cakephp\cakephp\src\Routing\Middleware\RoutingMiddleware.php, line 189
Cake\Routing\Middleware\RoutingMiddleware->process() C:\xampp\htdocs\inventario\vendor\cakephp\cakephp\src\Http\Runner.php, line 82
Cake\Http\Runner->handle() C:\xampp\htdocs\inventario\vendor\cakephp\cakephp\src\Routing\Middleware\AssetMiddleware.php, line 68
Cake\Routing\Middleware\AssetMiddleware->process() C:\xampp\htdocs\inventario\vendor\cakephp\cakephp\src\Http\Runner.php, line 82
Cake\Http\Runner->handle() C:\xampp\htdocs\inventario\vendor\cakephp\cakephp\src\Error\Middleware\ErrorHandlerMiddleware.php, line 149
Cake\Error\Middleware\ErrorHandlerMiddleware->process() C:\xampp\htdocs\inventario\vendor\cakephp\cakephp\src\Http\Runner.php, line 82
Cake\Http\Runner->handle() C:\xampp\htdocs\inventario\vendor\cakephp\debug_kit\src\Middleware\DebugKitMiddleware.php, line 60
DebugKit\Middleware\DebugKitMiddleware->process() C:\xampp\htdocs\inventario\vendor\cakephp\cakephp\src\Http\Runner.php, line 82
Cake\Http\Runner->handle() C:\xampp\htdocs\inventario\vendor\cakephp\cakephp\src\Http\Runner.php, line 67
Cake\Http\Runner->run() C:\xampp\htdocs\inventario\vendor\cakephp\cakephp\src\Http\Server.php, line 99
Cake\Http\Server->run() C:\xampp\htdocs\inventario\webroot\index.php, line 40
[main]

2025-11-04 12:29:00 warning: foreach() argument must be of type array|object, null given
Request URL: /categorias
Referer URL: http://localhost/inventario/produtos
Trace:
C:\xampp\htdocs\inventario\vendor\cakephp\cakephp\src\View\View.php C:\xampp\htdocs\inventario\vendor\cakephp\cakephp\src\View\View.php, line 1222
Cake\View\View->_evaluate() C:\xampp\htdocs\inventario\vendor\cakephp\cakephp\src\View\View.php, line 1179
Cake\View\View->_render() C:\xampp\htdocs\inventario\vendor\cakephp\cakephp\src\View\View.php, line 810
Cake\View\View->render() C:\xampp\htdocs\inventario\vendor\cakephp\cakephp\src\Controller\Controller.php, line 790
Cake\Controller\Controller->render() C:\xampp\htdocs\inventario\vendor\cakephp\cakephp\src\Controller\Controller.php, line 569
Cake\Controller\Controller->invokeAction() C:\xampp\htdocs\inventario\vendor\cakephp\cakephp\src\Controller\ControllerFactory.php, line 140
Cake\Controller\ControllerFactory->handle() C:\xampp\htdocs\inventario\vendor\cakephp\cakephp\src\Controller\ControllerFactory.php, line 115
Cake\Controller\ControllerFactory->invoke() C:\xampp\htdocs\inventario\vendor\cakephp\cakephp\src\Http\BaseApplication.php, line 325
Cake\Http\BaseApplication->handle() C:\xampp\htdocs\inventario\vendor\cakephp\cakephp\src\Http\Runner.php, line 86
Cake\Http\Runner->handle() C:\xampp\htdocs\inventario\vendor\cakephp\cakephp\src\Http\Middleware\CsrfProtectionMiddleware.php, line 176
Cake\Http\Middleware\CsrfProtectionMiddleware->process() C:\xampp\htdocs\inventario\vendor\cakephp\cakephp\src\Http\Runner.php, line 82
Cake\Http\Runner->handle() C:\xampp\htdocs\inventario\vendor\cakephp\cakephp\src\Http\Middleware\BodyParserMiddleware.php, line 157
Cake\Http\Middleware\BodyParserMiddleware->process() C:\xampp\htdocs\inventario\vendor\cakephp\cakephp\src\Http\Runner.php, line 82
Cake\Http\Runner->handle() C:\xampp\htdocs\inventario\vendor\cakephp\cakephp\src\Routing\Middleware\RoutingMiddleware.php, line 189
Cake\Routing\Middleware\RoutingMiddleware->process() C:\xampp\htdocs\inventario\vendor\cakephp\cakephp\src\Http\Runner.php, line 82
Cake\Http\Runner->handle() C:\xampp\htdocs\inventario\vendor\cakephp\cakephp\src\Routing\Middleware\AssetMiddleware.php, line 68
Cake\Routing\Middleware\AssetMiddleware->process() C:\xampp\htdocs\inventario\vendor\cakephp\cakephp\src\Http\Runner.php, line 82
Cake\Http\Runner->handle() C:\xampp\htdocs\inventario\vendor\cakephp\cakephp\src\Error\Middleware\ErrorHandlerMiddleware.php, line 149
Cake\Error\Middleware\ErrorHandlerMiddleware->process() C:\xampp\htdocs\inventario\vendor\cakephp\cakephp\src\Http\Runner.php, line 82
Cake\Http\Runner->handle() C:\xampp\htdocs\inventario\vendor\cakephp\debug_kit\src\Middleware\DebugKitMiddleware.php, line 60
DebugKit\Middleware\DebugKitMiddleware->process() C:\xampp\htdocs\inventario\vendor\cakephp\cakephp\src\Http\Runner.php, line 82
Cake\Http\Runner->handle() C:\xampp\htdocs\inventario\vendor\cakephp\cakephp\src\Http\Runner.php, line 67
Cake\Http\Runner->run() C:\xampp\htdocs\inventario\vendor\cakephp\cakephp\src\Http\Server.php, line 99
Cake\Http\Server->run() C:\xampp\htdocs\inventario\webroot\index.php, line 40
[main]

2025-11-04 12:29:00 warning: Undefined array key "pageCount"
Request URL: /categorias
Referer URL: http://localhost/inventario/produtos
Trace:
Cake\View\Helper\PaginatorHelper->first() C:\xampp\htdocs\inventario\templates\Categorias\index.php, line 40
C:\xampp\htdocs\inventario\vendor\cakephp\cakephp\src\View\View.php C:\xampp\htdocs\inventario\vendor\cakephp\cakephp\src\View\View.php, line 1222
Cake\View\View->_evaluate() C:\xampp\htdocs\inventario\vendor\cakephp\cakephp\src\View\View.php, line 1179
Cake\View\View->_render() C:\xampp\htdocs\inventario\vendor\cakephp\cakephp\src\View\View.php, line 810
Cake\View\View->render() C:\xampp\htdocs\inventario\vendor\cakephp\cakephp\src\Controller\Controller.php, line 790
Cake\Controller\Controller->render() C:\xampp\htdocs\inventario\vendor\cakephp\cakephp\src\Controller\Controller.php, line 569
Cake\Controller\Controller->invokeAction() C:\xampp\htdocs\inventario\vendor\cakephp\cakephp\src\Controller\ControllerFactory.php, line 140
Cake\Controller\ControllerFactory->handle() C:\xampp\htdocs\inventario\vendor\cakephp\cakephp\src\Controller\ControllerFactory.php, line 115
Cake\Controller\ControllerFactory->invoke() C:\xampp\htdocs\inventario\vendor\cakephp\cakephp\src\Http\BaseApplication.php, line 325
Cake\Http\BaseApplication->handle() C:\xampp\htdocs\inventario\vendor\cakephp\cakephp\src\Http\Runner.php, line 86
Cake\Http\Runner->handle() C:\xampp\htdocs\inventario\vendor\cakephp\cakephp\src\Http\Middleware\CsrfProtectionMiddleware.php, line 176
Cake\Http\Middleware\CsrfProtectionMiddleware->process() C:\xampp\htdocs\inventario\vendor\cakephp\cakephp\src\Http\Runner.php, line 82
Cake\Http\Runner->handle() C:\xampp\htdocs\inventario\vendor\cakephp\cakephp\src\Http\Middleware\BodyParserMiddleware.php, line 157
Cake\Http\Middleware\BodyParserMiddleware->process() C:\xampp\htdocs\inventario\vendor\cakephp\cakephp\src\Http\Runner.php, line 82
Cake\Http\Runner->handle() C:\xampp\htdocs\inventario\vendor\cakephp\cakephp\src\Routing\Middleware\RoutingMiddleware.php, line 189
Cake\Routing\Middleware\RoutingMiddleware->process() C:\xampp\htdocs\inventario\vendor\cakephp\cakephp\src\Http\Runner.php, line 82
Cake\Http\Runner->handle() C:\xampp\htdocs\inventario\vendor\cakephp\cakephp\src\Routing\Middleware\AssetMiddleware.php, line 68
Cake\Routing\Middleware\AssetMiddleware->process() C:\xampp\htdocs\inventario\vendor\cakephp\cakephp\src\Http\Runner.php, line 82
Cake\Http\Runner->handle() C:\xampp\htdocs\inventario\vendor\cakephp\cakephp\src\Error\Middleware\ErrorHandlerMiddleware.php, line 149
Cake\Error\Middleware\ErrorHandlerMiddleware->process() C:\xampp\htdocs\inventario\vendor\cakephp\cakephp\src\Http\Runner.php, line 82
Cake\Http\Runner->handle() C:\xampp\htdocs\inventario\vendor\cakephp\debug_kit\src\Middleware\DebugKitMiddleware.php, line 60
DebugKit\Middleware\DebugKitMiddleware->process() C:\xampp\htdocs\inventario\vendor\cakephp\cakephp\src\Http\Runner.php, line 82
Cake\Http\Runner->handle() C:\xampp\htdocs\inventario\vendor\cakephp\cakephp\src\Http\Runner.php, line 67
Cake\Http\Runner->run() C:\xampp\htdocs\inventario\vendor\cakephp\cakephp\src\Http\Server.php, line 99
Cake\Http\Server->run() C:\xampp\htdocs\inventario\webroot\index.php, line 40
[main]

2025-11-04 12:29:00 warning: Undefined array key "pageCount"
Request URL: /categorias
Referer URL: http://localhost/inventario/produtos
Trace:
Cake\View\Helper\PaginatorHelper->numbers() C:\xampp\htdocs\inventario\templates\Categorias\index.php, line 42
C:\xampp\htdocs\inventario\vendor\cakephp\cakephp\src\View\View.php C:\xampp\htdocs\inventario\vendor\cakephp\cakephp\src\View\View.php, line 1222
Cake\View\View->_evaluate() C:\xampp\htdocs\inventario\vendor\cakephp\cakephp\src\View\View.php, line 1179
Cake\View\View->_render() C:\xampp\htdocs\inventario\vendor\cakephp\cakephp\src\View\View.php, line 810
Cake\View\View->render() C:\xampp\htdocs\inventario\vendor\cakephp\cakephp\src\Controller\Controller.php, line 790
Cake\Controller\Controller->render() C:\xampp\htdocs\inventario\vendor\cakephp\cakephp\src\Controller\Controller.php, line 569
Cake\Controller\Controller->invokeAction() C:\xampp\htdocs\inventario\vendor\cakephp\cakephp\src\Controller\ControllerFactory.php, line 140
Cake\Controller\ControllerFactory->handle() C:\xampp\htdocs\inventario\vendor\cakephp\cakephp\src\Controller\ControllerFactory.php, line 115
Cake\Controller\ControllerFactory->invoke() C:\xampp\htdocs\inventario\vendor\cakephp\cakephp\src\Http\BaseApplication.php, line 325
Cake\Http\BaseApplication->handle() C:\xampp\htdocs\inventario\vendor\cakephp\cakephp\src\Http\Runner.php, line 86
Cake\Http\Runner->handle() C:\xampp\htdocs\inventario\vendor\cakephp\cakephp\src\Http\Middleware\CsrfProtectionMiddleware.php, line 176
Cake\Http\Middleware\CsrfProtectionMiddleware->process() C:\xampp\htdocs\inventario\vendor\cakephp\cakephp\src\Http\Runner.php, line 82
Cake\Http\Runner->handle() C:\xampp\htdocs\inventario\vendor\cakephp\cakephp\src\Http\Middleware\BodyParserMiddleware.php, line 157
Cake\Http\Middleware\BodyParserMiddleware->process() C:\xampp\htdocs\inventario\vendor\cakephp\cakephp\src\Http\Runner.php, line 82
Cake\Http\Runner->handle() C:\xampp\htdocs\inventario\vendor\cakephp\cakephp\src\Routing\Middleware\RoutingMiddleware.php, line 189
Cake\Routing\Middleware\RoutingMiddleware->process() C:\xampp\htdocs\inventario\vendor\cakephp\cakephp\src\Http\Runner.php, line 82
Cake\Http\Runner->handle() C:\xampp\htdocs\inventario\vendor\cakephp\cakephp\src\Routing\Middleware\AssetMiddleware.php, line 68
Cake\Routing\Middleware\AssetMiddleware->process() C:\xampp\htdocs\inventario\vendor\cakephp\cakephp\src\Http\Runner.php, line 82
Cake\Http\Runner->handle() C:\xampp\htdocs\inventario\vendor\cakephp\cakephp\src\Error\Middleware\ErrorHandlerMiddleware.php, line 149
Cake\Error\Middleware\ErrorHandlerMiddleware->process() C:\xampp\htdocs\inventario\vendor\cakephp\cakephp\src\Http\Runner.php, line 82
Cake\Http\Runner->handle() C:\xampp\htdocs\inventario\vendor\cakephp\debug_kit\src\Middleware\DebugKitMiddleware.php, line 60
DebugKit\Middleware\DebugKitMiddleware->process() C:\xampp\htdocs\inventario\vendor\cakephp\cakephp\src\Http\Runner.php, line 82
Cake\Http\Runner->handle() C:\xampp\htdocs\inventario\vendor\cakephp\cakephp\src\Http\Runner.php, line 67
Cake\Http\Runner->run() C:\xampp\htdocs\inventario\vendor\cakephp\cakephp\src\Http\Server.php, line 99
Cake\Http\Server->run() C:\xampp\htdocs\inventario\webroot\index.php, line 40
[main]

2025-11-04 12:29:00 warning: Undefined array key "pageCount"
Request URL: /categorias
Referer URL: http://localhost/inventario/produtos
Trace:
Cake\View\Helper\PaginatorHelper->last() C:\xampp\htdocs\inventario\templates\Categorias\index.php, line 44
C:\xampp\htdocs\inventario\vendor\cakephp\cakephp\src\View\View.php C:\xampp\htdocs\inventario\vendor\cakephp\cakephp\src\View\View.php, line 1222
Cake\View\View->_evaluate() C:\xampp\htdocs\inventario\vendor\cakephp\cakephp\src\View\View.php, line 1179
Cake\View\View->_render() C:\xampp\htdocs\inventario\vendor\cakephp\cakephp\src\View\View.php, line 810
Cake\View\View->render() C:\xampp\htdocs\inventario\vendor\cakephp\cakephp\src\Controller\Controller.php, line 790
Cake\Controller\Controller->render() C:\xampp\htdocs\inventario\vendor\cakephp\cakephp\src\Controller\Controller.php, line 569
Cake\Controller\Controller->invokeAction() C:\xampp\htdocs\inventario\vendor\cakephp\cakephp\src\Controller\ControllerFactory.php, line 140
Cake\Controller\ControllerFactory->handle() C:\xampp\htdocs\inventario\vendor\cakephp\cakephp\src\Controller\ControllerFactory.php, line 115
Cake\Controller\ControllerFactory->invoke() C:\xampp\htdocs\inventario\vendor\cakephp\cakephp\src\Http\BaseApplication.php, line 325
Cake\Http\BaseApplication->handle() C:\xampp\htdocs\inventario\vendor\cakephp\cakephp\src\Http\Runner.php, line 86
Cake\Http\Runner->handle() C:\xampp\htdocs\inventario\vendor\cakephp\cakephp\src\Http\Middleware\CsrfProtectionMiddleware.php, line 176
Cake\Http\Middleware\CsrfProtectionMiddleware->process() C:\xampp\htdocs\inventario\vendor\cakephp\cakephp\src\Http\Runner.php, line 82
Cake\Http\Runner->handle() C:\xampp\htdocs\inventario\vendor\cakephp\cakephp\src\Http\Middleware\BodyParserMiddleware.php, line 157
Cake\Http\Middleware\BodyParserMiddleware->process() C:\xampp\htdocs\inventario\vendor\cakephp\cakephp\src\Http\Runner.php, line 82
Cake\Http\Runner->handle() C:\xampp\htdocs\inventario\vendor\cakephp\cakephp\src\Routing\Middleware\RoutingMiddleware.php, line 189
Cake\Routing\Middleware\RoutingMiddleware->process() C:\xampp\htdocs\inventario\vendor\cakephp\cakephp\src\Http\Runner.php, line 82
Cake\Http\Runner->handle() C:\xampp\htdocs\inventario\vendor\cakephp\cakephp\src\Routing\Middleware\AssetMiddleware.php, line 68
Cake\Routing\Middleware\AssetMiddleware->process() C:\xampp\htdocs\inventario\vendor\cakephp\cakephp\src\Http\Runner.php, line 82
Cake\Http\Runner->handle() C:\xampp\htdocs\inventario\vendor\cakephp\cakephp\src\Error\Middleware\ErrorHandlerMiddleware.php, line 149
Cake\Error\Middleware\ErrorHandlerMiddleware->process() C:\xampp\htdocs\inventario\vendor\cakephp\cakephp\src\Http\Runner.php, line 82
Cake\Http\Runner->handle() C:\xampp\htdocs\inventario\vendor\cakephp\debug_kit\src\Middleware\DebugKitMiddleware.php, line 60
DebugKit\Middleware\DebugKitMiddleware->process() C:\xampp\htdocs\inventario\vendor\cakephp\cakephp\src\Http\Runner.php, line 82
Cake\Http\Runner->handle() C:\xampp\htdocs\inventario\vendor\cakephp\cakephp\src\Http\Runner.php, line 67
Cake\Http\Runner->run() C:\xampp\htdocs\inventario\vendor\cakephp\cakephp\src\Http\Server.php, line 99
Cake\Http\Server->run() C:\xampp\htdocs\inventario\webroot\index.php, line 40
[main]

2025-11-04 12:29:00 warning: Undefined array key "pageCount"
Request URL: /categorias
Referer URL: http://localhost/inventario/produtos
Trace:
Cake\View\Helper\PaginatorHelper->counter() C:\xampp\htdocs\inventario\templates\Categorias\index.php, line 46
C:\xampp\htdocs\inventario\vendor\cakephp\cakephp\src\View\View.php C:\xampp\htdocs\inventario\vendor\cakephp\cakephp\src\View\View.php, line 1222
Cake\View\View->_evaluate() C:\xampp\htdocs\inventario\vendor\cakephp\cakephp\src\View\View.php, line 1179
Cake\View\View->_render() C:\xampp\htdocs\inventario\vendor\cakephp\cakephp\src\View\View.php, line 810
Cake\View\View->render() C:\xampp\htdocs\inventario\vendor\cakephp\cakephp\src\Controller\Controller.php, line 790
Cake\Controller\Controller->render() C:\xampp\htdocs\inventario\vendor\cakephp\cakephp\src\Controller\Controller.php, line 569
Cake\Controller\Controller->invokeAction() C:\xampp\htdocs\inventario\vendor\cakephp\cakephp\src\Controller\ControllerFactory.php, line 140
Cake\Controller\ControllerFactory->handle() C:\xampp\htdocs\inventario\vendor\cakephp\cakephp\src\Controller\ControllerFactory.php, line 115
Cake\Controller\ControllerFactory->invoke() C:\xampp\htdocs\inventario\vendor\cakephp\cakephp\src\Http\BaseApplication.php, line 325
Cake\Http\BaseApplication->handle() C:\xampp\htdocs\inventario\vendor\cakephp\cakephp\src\Http\Runner.php, line 86
Cake\Http\Runner->handle() C:\xampp\htdocs\inventario\vendor\cakephp\cakephp\src\Http\Middleware\CsrfProtectionMiddleware.php, line 176
Cake\Http\Middleware\CsrfProtectionMiddleware->process() C:\xampp\htdocs\inventario\vendor\cakephp\cakephp\src\Http\Runner.php, line 82
Cake\Http\Runner->handle() C:\xampp\htdocs\inventario\vendor\cakephp\cakephp\src\Http\Middleware\BodyParserMiddleware.php, line 157
Cake\Http\Middleware\BodyParserMiddleware->process() C:\xampp\htdocs\inventario\vendor\cakephp\cakephp\src\Http\Runner.php, line 82
Cake\Http\Runner->handle() C:\xampp\htdocs\inventario\vendor\cakephp\cakephp\src\Routing\Middleware\RoutingMiddleware.php, line 189
Cake\Routing\Middleware\RoutingMiddleware->process() C:\xampp\htdocs\inventario\vendor\cakephp\cakephp\src\Http\Runner.php, line 82
Cake\Http\Runner->handle() C:\xampp\htdocs\inventario\vendor\cakephp\cakephp\src\Routing\Middleware\AssetMiddleware.php, line 68
Cake\Routing\Middleware\AssetMiddleware->process() C:\xampp\htdocs\inventario\vendor\cakephp\cakephp\src\Http\Runner.php, line 82
Cake\Http\Runner->handle() C:\xampp\htdocs\inventario\vendor\cakephp\cakephp\src\Error\Middleware\ErrorHandlerMiddleware.php, line 149
Cake\Error\Middleware\ErrorHandlerMiddleware->process() C:\xampp\htdocs\inventario\vendor\cakephp\cakephp\src\Http\Runner.php, line 82
Cake\Http\Runner->handle() C:\xampp\htdocs\inventario\vendor\cakephp\debug_kit\src\Middleware\DebugKitMiddleware.php, line 60
DebugKit\Middleware\DebugKitMiddleware->process() C:\xampp\htdocs\inventario\vendor\cakephp\cakephp\src\Http\Runner.php, line 82
Cake\Http\Runner->handle() C:\xampp\htdocs\inventario\vendor\cakephp\cakephp\src\Http\Runner.php, line 67
Cake\Http\Runner->run() C:\xampp\htdocs\inventario\vendor\cakephp\cakephp\src\Http\Server.php, line 99
Cake\Http\Server->run() C:\xampp\htdocs\inventario\webroot\index.php, line 40
[main]

2025-11-04 12:29:00 warning: Undefined array key "page"
Request URL: /categorias
Referer URL: http://localhost/inventario/produtos
Trace:
Cake\View\Helper\PaginatorHelper->counter() C:\xampp\htdocs\inventario\templates\Categorias\index.php, line 46
C:\xampp\htdocs\inventario\vendor\cakephp\cakephp\src\View\View.php C:\xampp\htdocs\inventario\vendor\cakephp\cakephp\src\View\View.php, line 1222
Cake\View\View->_evaluate() C:\xampp\htdocs\inventario\vendor\cakephp\cakephp\src\View\View.php, line 1179
Cake\View\View->_render() C:\xampp\htdocs\inventario\vendor\cakephp\cakephp\src\View\View.php, line 810
Cake\View\View->render() C:\xampp\htdocs\inventario\vendor\cakephp\cakephp\src\Controller\Controller.php, line 790
Cake\Controller\Controller->render() C:\xampp\htdocs\inventario\vendor\cakephp\cakephp\src\Controller\Controller.php, line 569
Cake\Controller\Controller->invokeAction() C:\xampp\htdocs\inventario\vendor\cakephp\cakephp\src\Controller\ControllerFactory.php, line 140
Cake\Controller\ControllerFactory->handle() C:\xampp\htdocs\inventario\vendor\cakephp\cakephp\src\Controller\ControllerFactory.php, line 115
Cake\Controller\ControllerFactory->invoke() C:\xampp\htdocs\inventario\vendor\cakephp\cakephp\src\Http\BaseApplication.php, line 325
Cake\Http\BaseApplication->handle() C:\xampp\htdocs\inventario\vendor\cakephp\cakephp\src\Http\Runner.php, line 86
Cake\Http\Runner->handle() C:\xampp\htdocs\inventario\vendor\cakephp\cakephp\src\Http\Middleware\CsrfProtectionMiddleware.php, line 176
Cake\Http\Middleware\CsrfProtectionMiddleware->process() C:\xampp\htdocs\inventario\vendor\cakephp\cakephp\src\Http\Runner.php, line 82
Cake\Http\Runner->handle() C:\xampp\htdocs\inventario\vendor\cakephp\cakephp\src\Http\Middleware\BodyParserMiddleware.php, line 157
Cake\Http\Middleware\BodyParserMiddleware->process() C:\xampp\htdocs\inventario\vendor\cakephp\cakephp\src\Http\Runner.php, line 82
Cake\Http\Runner->handle() C:\xampp\htdocs\inventario\vendor\cakephp\cakephp\src\Routing\Middleware\RoutingMiddleware.php, line 189
Cake\Routing\Middleware\RoutingMiddleware->process() C:\xampp\htdocs\inventario\vendor\cakephp\cakephp\src\Http\Runner.php, line 82
Cake\Http\Runner->handle() C:\xampp\htdocs\inventario\vendor\cakephp\cakephp\src\Routing\Middleware\AssetMiddleware.php, line 68
Cake\Routing\Middleware\AssetMiddleware->process() C:\xampp\htdocs\inventario\vendor\cakephp\cakephp\src\Http\Runner.php, line 82
Cake\Http\Runner->handle() C:\xampp\htdocs\inventario\vendor\cakephp\cakephp\src\Error\Middleware\ErrorHandlerMiddleware.php, line 149
Cake\Error\Middleware\ErrorHandlerMiddleware->process() C:\xampp\htdocs\inventario\vendor\cakephp\cakephp\src\Http\Runner.php, line 82
Cake\Http\Runner->handle() C:\xampp\htdocs\inventario\vendor\cakephp\debug_kit\src\Middleware\DebugKitMiddleware.php, line 60
DebugKit\Middleware\DebugKitMiddleware->process() C:\xampp\htdocs\inventario\vendor\cakephp\cakephp\src\Http\Runner.php, line 82
Cake\Http\Runner->handle() C:\xampp\htdocs\inventario\vendor\cakephp\cakephp\src\Http\Runner.php, line 67
Cake\Http\Runner->run() C:\xampp\htdocs\inventario\vendor\cakephp\cakephp\src\Http\Server.php, line 99
Cake\Http\Server->run() C:\xampp\htdocs\inventario\webroot\index.php, line 40
[main]

2025-11-04 12:29:00 warning: Undefined array key "current"
Request URL: /categorias
Referer URL: http://localhost/inventario/produtos
Trace:
Cake\View\Helper\PaginatorHelper->counter() C:\xampp\htdocs\inventario\templates\Categorias\index.php, line 46
C:\xampp\htdocs\inventario\vendor\cakephp\cakephp\src\View\View.php C:\xampp\htdocs\inventario\vendor\cakephp\cakephp\src\View\View.php, line 1222
Cake\View\View->_evaluate() C:\xampp\htdocs\inventario\vendor\cakephp\cakephp\src\View\View.php, line 1179
Cake\View\View->_render() C:\xampp\htdocs\inventario\vendor\cakephp\cakephp\src\View\View.php, line 810
Cake\View\View->render() C:\xampp\htdocs\inventario\vendor\cakephp\cakephp\src\Controller\Controller.php, line 790
Cake\Controller\Controller->render() C:\xampp\htdocs\inventario\vendor\cakephp\cakephp\src\Controller\Controller.php, line 569
Cake\Controller\Controller->invokeAction() C:\xampp\htdocs\inventario\vendor\cakephp\cakephp\src\Controller\ControllerFactory.php, line 140
Cake\Controller\ControllerFactory->handle() C:\xampp\htdocs\inventario\vendor\cakephp\cakephp\src\Controller\ControllerFactory.php, line 115
Cake\Controller\ControllerFactory->invoke() C:\xampp\htdocs\inventario\vendor\cakephp\cakephp\src\Http\BaseApplication.php, line 325
Cake\Http\BaseApplication->handle() C:\xampp\htdocs\inventario\vendor\cakephp\cakephp\src\Http\Runner.php, line 86
Cake\Http\Runner->handle() C:\xampp\htdocs\inventario\vendor\cakephp\cakephp\src\Http\Middleware\CsrfProtectionMiddleware.php, line 176
Cake\Http\Middleware\CsrfProtectionMiddleware->process() C:\xampp\htdocs\inventario\vendor\cakephp\cakephp\src\Http\Runner.php, line 82
Cake\Http\Runner->handle() C:\xampp\htdocs\inventario\vendor\cakephp\cakephp\src\Http\Middleware\BodyParserMiddleware.php, line 157
Cake\Http\Middleware\BodyParserMiddleware->process() C:\xampp\htdocs\inventario\vendor\cakephp\cakephp\src\Http\Runner.php, line 82
Cake\Http\Runner->handle() C:\xampp\htdocs\inventario\vendor\cakephp\cakephp\src\Routing\Middleware\RoutingMiddleware.php, line 189
Cake\Routing\Middleware\RoutingMiddleware->process() C:\xampp\htdocs\inventario\vendor\cakephp\cakephp\src\Http\Runner.php, line 82
Cake\Http\Runner->handle() C:\xampp\htdocs\inventario\vendor\cakephp\cakephp\src\Routing\Middleware\AssetMiddleware.php, line 68
Cake\Routing\Middleware\AssetMiddleware->process() C:\xampp\htdocs\inventario\vendor\cakephp\cakephp\src\Http\Runner.php, line 82
Cake\Http\Runner->handle() C:\xampp\htdocs\inventario\vendor\cakephp\cakephp\src\Error\Middleware\ErrorHandlerMiddleware.php, line 149
Cake\Error\Middleware\ErrorHandlerMiddleware->process() C:\xampp\htdocs\inventario\vendor\cakephp\cakephp\src\Http\Runner.php, line 82
Cake\Http\Runner->handle() C:\xampp\htdocs\inventario\vendor\cakephp\debug_kit\src\Middleware\DebugKitMiddleware.php, line 60
DebugKit\Middleware\DebugKitMiddleware->process() C:\xampp\htdocs\inventario\vendor\cakephp\cakephp\src\Http\Runner.php, line 82
Cake\Http\Runner->handle() C:\xampp\htdocs\inventario\vendor\cakephp\cakephp\src\Http\Runner.php, line 67
Cake\Http\Runner->run() C:\xampp\htdocs\inventario\vendor\cakephp\cakephp\src\Http\Server.php, line 99
Cake\Http\Server->run() C:\xampp\htdocs\inventario\webroot\index.php, line 40
[main]

2025-11-04 12:29:00 warning: Undefined array key "count"
Request URL: /categorias
Referer URL: http://localhost/inventario/produtos
Trace:
Cake\View\Helper\PaginatorHelper->counter() C:\xampp\htdocs\inventario\templates\Categorias\index.php, line 46
C:\xampp\htdocs\inventario\vendor\cakephp\cakephp\src\View\View.php C:\xampp\htdocs\inventario\vendor\cakephp\cakephp\src\View\View.php, line 1222
Cake\View\View->_evaluate() C:\xampp\htdocs\inventario\vendor\cakephp\cakephp\src\View\View.php, line 1179
Cake\View\View->_render() C:\xampp\htdocs\inventario\vendor\cakephp\cakephp\src\View\View.php, line 810
Cake\View\View->render() C:\xampp\htdocs\inventario\vendor\cakephp\cakephp\src\Controller\Controller.php, line 790
Cake\Controller\Controller->render() C:\xampp\htdocs\inventario\vendor\cakephp\cakephp\src\Controller\Controller.php, line 569
Cake\Controller\Controller->invokeAction() C:\xampp\htdocs\inventario\vendor\cakephp\cakephp\src\Controller\ControllerFactory.php, line 140
Cake\Controller\ControllerFactory->handle() C:\xampp\htdocs\inventario\vendor\cakephp\cakephp\src\Controller\ControllerFactory.php, line 115
Cake\Controller\ControllerFactory->invoke() C:\xampp\htdocs\inventario\vendor\cakephp\cakephp\src\Http\BaseApplication.php, line 325
Cake\Http\BaseApplication->handle() C:\xampp\htdocs\inventario\vendor\cakephp\cakephp\src\Http\Runner.php, line 86
Cake\Http\Runner->handle() C:\xampp\htdocs\inventario\vendor\cakephp\cakephp\src\Http\Middleware\CsrfProtectionMiddleware.php, line 176
Cake\Http\Middleware\CsrfProtectionMiddleware->process() C:\xampp\htdocs\inventario\vendor\cakephp\cakephp\src\Http\Runner.php, line 82
Cake\Http\Runner->handle() C:\xampp\htdocs\inventario\vendor\cakephp\cakephp\src\Http\Middleware\BodyParserMiddleware.php, line 157
Cake\Http\Middleware\BodyParserMiddleware->process() C:\xampp\htdocs\inventario\vendor\cakephp\cakephp\src\Http\Runner.php, line 82
Cake\Http\Runner->handle() C:\xampp\htdocs\inventario\vendor\cakephp\cakephp\src\Routing\Middleware\RoutingMiddleware.php, line 189
Cake\Routing\Middleware\RoutingMiddleware->process() C:\xampp\htdocs\inventario\vendor\cakephp\cakephp\src\Http\Runner.php, line 82
Cake\Http\Runner->handle() C:\xampp\htdocs\inventario\vendor\cakephp\cakephp\src\Routing\Middleware\AssetMiddleware.php, line 68
Cake\Routing\Middleware\AssetMiddleware->process() C:\xampp\htdocs\inventario\vendor\cakephp\cakephp\src\Http\Runner.php, line 82
Cake\Http\Runner->handle() C:\xampp\htdocs\inventario\vendor\cakephp\cakephp\src\Error\Middleware\ErrorHandlerMiddleware.php, line 149
Cake\Error\Middleware\ErrorHandlerMiddleware->process() C:\xampp\htdocs\inventario\vendor\cakephp\cakephp\src\Http\Runner.php, line 82
Cake\Http\Runner->handle() C:\xampp\htdocs\inventario\vendor\cakephp\debug_kit\src\Middleware\DebugKitMiddleware.php, line 60
DebugKit\Middleware\DebugKitMiddleware->process() C:\xampp\htdocs\inventario\vendor\cakephp\cakephp\src\Http\Runner.php, line 82
Cake\Http\Runner->handle() C:\xampp\htdocs\inventario\vendor\cakephp\cakephp\src\Http\Runner.php, line 67
Cake\Http\Runner->run() C:\xampp\htdocs\inventario\vendor\cakephp\cakephp\src\Http\Server.php, line 99
Cake\Http\Server->run() C:\xampp\htdocs\inventario\webroot\index.php, line 40
[main]

2025-11-04 12:29:00 warning: Undefined array key "start"
Request URL: /categorias
Referer URL: http://localhost/inventario/produtos
Trace:
Cake\View\Helper\PaginatorHelper->counter() C:\xampp\htdocs\inventario\templates\Categorias\index.php, line 46
C:\xampp\htdocs\inventario\vendor\cakephp\cakephp\src\View\View.php C:\xampp\htdocs\inventario\vendor\cakephp\cakephp\src\View\View.php, line 1222
Cake\View\View->_evaluate() C:\xampp\htdocs\inventario\vendor\cakephp\cakephp\src\View\View.php, line 1179
Cake\View\View->_render() C:\xampp\htdocs\inventario\vendor\cakephp\cakephp\src\View\View.php, line 810
Cake\View\View->render() C:\xampp\htdocs\inventario\vendor\cakephp\cakephp\src\Controller\Controller.php, line 790
Cake\Controller\Controller->render() C:\xampp\htdocs\inventario\vendor\cakephp\cakephp\src\Controller\Controller.php, line 569
Cake\Controller\Controller->invokeAction() C:\xampp\htdocs\inventario\vendor\cakephp\cakephp\src\Controller\ControllerFactory.php, line 140
Cake\Controller\ControllerFactory->handle() C:\xampp\htdocs\inventario\vendor\cakephp\cakephp\src\Controller\ControllerFactory.php, line 115
Cake\Controller\ControllerFactory->invoke() C:\xampp\htdocs\inventario\vendor\cakephp\cakephp\src\Http\BaseApplication.php, line 325
Cake\Http\BaseApplication->handle() C:\xampp\htdocs\inventario\vendor\cakephp\cakephp\src\Http\Runner.php, line 86
Cake\Http\Runner->handle() C:\xampp\htdocs\inventario\vendor\cakephp\cakephp\src\Http\Middleware\CsrfProtectionMiddleware.php, line 176
Cake\Http\Middleware\CsrfProtectionMiddleware->process() C:\xampp\htdocs\inventario\vendor\cakephp\cakephp\src\Http\Runner.php, line 82
Cake\Http\Runner->handle() C:\xampp\htdocs\inventario\vendor\cakephp\cakephp\src\Http\Middleware\BodyParserMiddleware.php, line 157
Cake\Http\Middleware\BodyParserMiddleware->process() C:\xampp\htdocs\inventario\vendor\cakephp\cakephp\src\Http\Runner.php, line 82
Cake\Http\Runner->handle() C:\xampp\htdocs\inventario\vendor\cakephp\cakephp\src\Routing\Middleware\RoutingMiddleware.php, line 189
Cake\Routing\Middleware\RoutingMiddleware->process() C:\xampp\htdocs\inventario\vendor\cakephp\cakephp\src\Http\Runner.php, line 82
Cake\Http\Runner->handle() C:\xampp\htdocs\inventario\vendor\cakephp\cakephp\src\Routing\Middleware\AssetMiddleware.php, line 68
Cake\Routing\Middleware\AssetMiddleware->process() C:\xampp\htdocs\inventario\vendor\cakephp\cakephp\src\Http\Runner.php, line 82
Cake\Http\Runner->handle() C:\xampp\htdocs\inventario\vendor\cakephp\cakephp\src\Error\Middleware\ErrorHandlerMiddleware.php, line 149
Cake\Error\Middleware\ErrorHandlerMiddleware->process() C:\xampp\htdocs\inventario\vendor\cakephp\cakephp\src\Http\Runner.php, line 82
Cake\Http\Runner->handle() C:\xampp\htdocs\inventario\vendor\cakephp\debug_kit\src\Middleware\DebugKitMiddleware.php, line 60
DebugKit\Middleware\DebugKitMiddleware->process() C:\xampp\htdocs\inventario\vendor\cakephp\cakephp\src\Http\Runner.php, line 82
Cake\Http\Runner->handle() C:\xampp\htdocs\inventario\vendor\cakephp\cakephp\src\Http\Runner.php, line 67
Cake\Http\Runner->run() C:\xampp\htdocs\inventario\vendor\cakephp\cakephp\src\Http\Server.php, line 99
Cake\Http\Server->run() C:\xampp\htdocs\inventario\webroot\index.php, line 40
[main]

2025-11-04 12:29:00 warning: Undefined array key "end"
Request URL: /categorias
Referer URL: http://localhost/inventario/produtos
Trace:
Cake\View\Helper\PaginatorHelper->counter() C:\xampp\htdocs\inventario\templates\Categorias\index.php, line 46
C:\xampp\htdocs\inventario\vendor\cakephp\cakephp\src\View\View.php C:\xampp\htdocs\inventario\vendor\cakephp\cakephp\src\View\View.php, line 1222
Cake\View\View->_evaluate() C:\xampp\htdocs\inventario\vendor\cakephp\cakephp\src\View\View.php, line 1179
Cake\View\View->_render() C:\xampp\htdocs\inventario\vendor\cakephp\cakephp\src\View\View.php, line 810
Cake\View\View->render() C:\xampp\htdocs\inventario\vendor\cakephp\cakephp\src\Controller\Controller.php, line 790
Cake\Controller\Controller->render() C:\xampp\htdocs\inventario\vendor\cakephp\cakephp\src\Controller\Controller.php, line 569
Cake\Controller\Controller->invokeAction() C:\xampp\htdocs\inventario\vendor\cakephp\cakephp\src\Controller\ControllerFactory.php, line 140
Cake\Controller\ControllerFactory->handle() C:\xampp\htdocs\inventario\vendor\cakephp\cakephp\src\Controller\ControllerFactory.php, line 115
Cake\Controller\ControllerFactory->invoke() C:\xampp\htdocs\inventario\vendor\cakephp\cakephp\src\Http\BaseApplication.php, line 325
Cake\Http\BaseApplication->handle() C:\xampp\htdocs\inventario\vendor\cakephp\cakephp\src\Http\Runner.php, line 86
Cake\Http\Runner->handle() C:\xampp\htdocs\inventario\vendor\cakephp\cakephp\src\Http\Middleware\CsrfProtectionMiddleware.php, line 176
Cake\Http\Middleware\CsrfProtectionMiddleware->process() C:\xampp\htdocs\inventario\vendor\cakephp\cakephp\src\Http\Runner.php, line 82
Cake\Http\Runner->handle() C:\xampp\htdocs\inventario\vendor\cakephp\cakephp\src\Http\Middleware\BodyParserMiddleware.php, line 157
Cake\Http\Middleware\BodyParserMiddleware->process() C:\xampp\htdocs\inventario\vendor\cakephp\cakephp\src\Http\Runner.php, line 82
Cake\Http\Runner->handle() C:\xampp\htdocs\inventario\vendor\cakephp\cakephp\src\Routing\Middleware\RoutingMiddleware.php, line 189
Cake\Routing\Middleware\RoutingMiddleware->process() C:\xampp\htdocs\inventario\vendor\cakephp\cakephp\src\Http\Runner.php, line 82
Cake\Http\Runner->handle() C:\xampp\htdocs\inventario\vendor\cakephp\cakephp\src\Routing\Middleware\AssetMiddleware.php, line 68
Cake\Routing\Middleware\AssetMiddleware->process() C:\xampp\htdocs\inventario\vendor\cakephp\cakephp\src\Http\Runner.php, line 82
Cake\Http\Runner->handle() C:\xampp\htdocs\inventario\vendor\cakephp\cakephp\src\Error\Middleware\ErrorHandlerMiddleware.php, line 149
Cake\Error\Middleware\ErrorHandlerMiddleware->process() C:\xampp\htdocs\inventario\vendor\cakephp\cakephp\src\Http\Runner.php, line 82
Cake\Http\Runner->handle() C:\xampp\htdocs\inventario\vendor\cakephp\debug_kit\src\Middleware\DebugKitMiddleware.php, line 60
DebugKit\Middleware\DebugKitMiddleware->process() C:\xampp\htdocs\inventario\vendor\cakephp\cakephp\src\Http\Runner.php, line 82
Cake\Http\Runner->handle() C:\xampp\htdocs\inventario\vendor\cakephp\cakephp\src\Http\Runner.php, line 67
Cake\Http\Runner->run() C:\xampp\htdocs\inventario\vendor\cakephp\cakephp\src\Http\Server.php, line 99
Cake\Http\Server->run() C:\xampp\htdocs\inventario\webroot\index.php, line 40
[main]

2025-11-04 12:29:00 error: [TypeError] Cake\Utility\Inflector::tableize(): Argument #1 ($className) must be of type string, null given, called in C:\xampp\htdocs\inventario\vendor\cakephp\cakephp\src\View\Helper\PaginatorHelper.php on line 741 in C:\xampp\htdocs\inventario\vendor\cakephp\cakephp\src\Utility\Inflector.php on line 473
Stack Trace:
- C:\xampp\htdocs\inventario\vendor\cakephp\cakephp\src\View\Helper\PaginatorHelper.php:741
- C:\xampp\htdocs\inventario\templates\Categorias\index.php:46
- C:\xampp\htdocs\inventario\vendor\cakephp\cakephp\src\View\View.php:1222
- C:\xampp\htdocs\inventario\vendor\cakephp\cakephp\src\View\View.php:1179
- C:\xampp\htdocs\inventario\vendor\cakephp\cakephp\src\View\View.php:810
- C:\xampp\htdocs\inventario\vendor\cakephp\cakephp\src\Controller\Controller.php:790
- C:\xampp\htdocs\inventario\vendor\cakephp\cakephp\src\Controller\Controller.php:569
- C:\xampp\htdocs\inventario\vendor\cakephp\cakephp\src\Controller\ControllerFactory.php:140
- C:\xampp\htdocs\inventario\vendor\cakephp\cakephp\src\Controller\ControllerFactory.php:115
- C:\xampp\htdocs\inventario\vendor\cakephp\cakephp\src\Http\BaseApplication.php:325
- C:\xampp\htdocs\inventario\vendor\cakephp\cakephp\src\Http\Runner.php:86
- C:\xampp\htdocs\inventario\vendor\cakephp\cakephp\src\Http\Middleware\CsrfProtectionMiddleware.php:176
- C:\xampp\htdocs\inventario\vendor\cakephp\cakephp\src\Http\Runner.php:82
- C:\xampp\htdocs\inventario\vendor\cakephp\cakephp\src\Http\Middleware\BodyParserMiddleware.php:157
- C:\xampp\htdocs\inventario\vendor\cakephp\cakephp\src\Http\Runner.php:82
- C:\xampp\htdocs\inventario\vendor\cakephp\cakephp\src\Routing\Middleware\RoutingMiddleware.php:189
- C:\xampp\htdocs\inventario\vendor\cakephp\cakephp\src\Http\Runner.php:82
- C:\xampp\htdocs\inventario\vendor\cakephp\cakephp\src\Routing\Middleware\AssetMiddleware.php:68
- C:\xampp\htdocs\inventario\vendor\cakephp\cakephp\src\Http\Runner.php:82
- C:\xampp\htdocs\inventario\vendor\cakephp\cakephp\src\Error\Middleware\ErrorHandlerMiddleware.php:149
- C:\xampp\htdocs\inventario\vendor\cakephp\cakephp\src\Http\Runner.php:82
- C:\xampp\htdocs\inventario\vendor\cakephp\debug_kit\src\Middleware\DebugKitMiddleware.php:60
- C:\xampp\htdocs\inventario\vendor\cakephp\cakephp\src\Http\Runner.php:82
- C:\xampp\htdocs\inventario\vendor\cakephp\cakephp\src\Http\Runner.php:67
- C:\xampp\htdocs\inventario\vendor\cakephp\cakephp\src\Http\Server.php:99
- C:\xampp\htdocs\inventario\webroot\index.php:40
- [main]:

Request URL: /categorias
Referer URL: http://localhost/inventario/produtos
2025-11-04 12:29:02 warning: Unable to emit headers. Headers sent in file=C:\xampp\htdocs\inventario\vendor\cakephp\cakephp\src\Error\Renderer\HtmlErrorRenderer.php line=37
Request URL: /categorias
Referer URL: http://localhost/inventario/produtos
Trace:
C:\xampp\htdocs\inventario\vendor\cakephp\cakephp\src\Http\ResponseEmitter.php C:\xampp\htdocs\inventario\vendor\cakephp\cakephp\src\Http\ResponseEmitter.php, line 71
Cake\Http\ResponseEmitter->emit() C:\xampp\htdocs\inventario\vendor\cakephp\cakephp\src\Http\Server.php, line 137
Cake\Http\Server->emit() C:\xampp\htdocs\inventario\webroot\index.php, line 40
[main]

2025-11-04 12:29:02 warning: Cannot modify header information - headers already sent by (output started at C:\xampp\htdocs\inventario\vendor\cakephp\cakephp\src\Error\Renderer\HtmlErrorRenderer.php:37)
Request URL: /categorias
Referer URL: http://localhost/inventario/produtos
Trace:
C:\xampp\htdocs\inventario\vendor\cakephp\cakephp\src\Http\ResponseEmitter.php C:\xampp\htdocs\inventario\vendor\cakephp\cakephp\src\Http\ResponseEmitter.php, line 168
Cake\Http\ResponseEmitter->emitStatusLine() C:\xampp\htdocs\inventario\vendor\cakephp\cakephp\src\Http\ResponseEmitter.php, line 74
Cake\Http\ResponseEmitter->emit() C:\xampp\htdocs\inventario\vendor\cakephp\cakephp\src\Http\Server.php, line 137
Cake\Http\Server->emit() C:\xampp\htdocs\inventario\webroot\index.php, line 40
[main]

2025-11-04 12:29:02 warning: Cannot modify header information - headers already sent by (output started at C:\xampp\htdocs\inventario\vendor\cakephp\cakephp\src\Error\Renderer\HtmlErrorRenderer.php:37)
Request URL: /categorias
Referer URL: http://localhost/inventario/produtos
Trace:
C:\xampp\htdocs\inventario\vendor\cakephp\cakephp\src\Http\ResponseEmitter.php C:\xampp\htdocs\inventario\vendor\cakephp\cakephp\src\Http\ResponseEmitter.php, line 197
Cake\Http\ResponseEmitter->emitHeaders() C:\xampp\htdocs\inventario\vendor\cakephp\cakephp\src\Http\ResponseEmitter.php, line 75
Cake\Http\ResponseEmitter->emit() C:\xampp\htdocs\inventario\vendor\cakephp\cakephp\src\Http\Server.php, line 137
Cake\Http\Server->emit() C:\xampp\htdocs\inventario\webroot\index.php, line 40
[main]

2025-11-04 12:29:02 warning: Cannot modify header information - headers already sent by (output started at C:\xampp\htdocs\inventario\vendor\cakephp\cakephp\src\Error\Renderer\HtmlErrorRenderer.php:37)
Request URL: /categorias
Referer URL: http://localhost/inventario/produtos
Trace:
C:\xampp\htdocs\inventario\vendor\cakephp\cakephp\src\Http\ResponseEmitter.php C:\xampp\htdocs\inventario\vendor\cakephp\cakephp\src\Http\ResponseEmitter.php, line 197
Cake\Http\ResponseEmitter->emitHeaders() C:\xampp\htdocs\inventario\vendor\cakephp\cakephp\src\Http\ResponseEmitter.php, line 75
Cake\Http\ResponseEmitter->emit() C:\xampp\htdocs\inventario\vendor\cakephp\cakephp\src\Http\Server.php, line 137
Cake\Http\Server->emit() C:\xampp\htdocs\inventario\webroot\index.php, line 40
[main]

2025-11-06 21:05:26 error: [Cake\Database\Exception\MissingConnectionException] Connection to Mysql could not be established: SQLSTATE[HY000] [2002] Nenhuma conexão pôde ser feita porque a máquina de destino as recusou ativamente in C:\xampp\htdocs\inventario\vendor\cakephp\cakephp\src\Database\Driver.php on line 144
Exception Attributes: array (
  'driver' => 'Mysql',
  'reason' => 'SQLSTATE[HY000] [2002] Nenhuma conexão pôde ser feita porque a máquina de destino as recusou ativamente',
)
Stack Trace:
- C:\xampp\htdocs\inventario\vendor\cakephp\cakephp\src\Database\Driver\Mysql.php:165
- C:\xampp\htdocs\inventario\vendor\cakephp\cakephp\src\Database\Schema\SchemaDialect.php:51
- C:\xampp\htdocs\inventario\vendor\cakephp\cakephp\src\Database\Driver\Mysql.php:217
- C:\xampp\htdocs\inventario\vendor\cakephp\cakephp\src\Database\Schema\Collection.php:53
- C:\xampp\htdocs\inventario\vendor\cakephp\cakephp\src\Database\Connection.php:542
- C:\xampp\htdocs\inventario\vendor\cakephp\cakephp\src\ORM\Table.php:527
- C:\xampp\htdocs\inventario\vendor\cakephp\cakephp\src\ORM\Query.php:309
- C:\xampp\htdocs\inventario\vendor\cakephp\cakephp\src\ORM\Query.php:185
- C:\xampp\htdocs\inventario\vendor\cakephp\cakephp\src\ORM\Table.php:1763
- C:\xampp\htdocs\inventario\vendor\cakephp\cakephp\src\ORM\Table.php:1281
- C:\xampp\htdocs\inventario\vendor\cakephp\cakephp\src\Datasource\Paging\NumericPaginator.php:228
- C:\xampp\htdocs\inventario\vendor\cakephp\cakephp\src\Datasource\Paging\NumericPaginator.php:190
- C:\xampp\htdocs\inventario\vendor\cakephp\cakephp\src\Controller\Controller.php:993
- C:\xampp\htdocs\inventario\src\Controller\CategoriasController.php:21
- C:\xampp\htdocs\inventario\vendor\cakephp\cakephp\src\Controller\Controller.php:560
- C:\xampp\htdocs\inventario\vendor\cakephp\cakephp\src\Controller\ControllerFactory.php:140
- C:\xampp\htdocs\inventario\vendor\cakephp\cakephp\src\Controller\ControllerFactory.php:115
- C:\xampp\htdocs\inventario\vendor\cakephp\cakephp\src\Http\BaseApplication.php:325
- C:\xampp\htdocs\inventario\vendor\cakephp\cakephp\src\Http\Runner.php:86
- C:\xampp\htdocs\inventario\vendor\cakephp\cakephp\src\Http\Middleware\CsrfProtectionMiddleware.php:166
- C:\xampp\htdocs\inventario\vendor\cakephp\cakephp\src\Http\Runner.php:82
- C:\xampp\htdocs\inventario\vendor\cakephp\cakephp\src\Http\Middleware\BodyParserMiddleware.php:157
- C:\xampp\htdocs\inventario\vendor\cakephp\cakephp\src\Http\Runner.php:82
- C:\xampp\htdocs\inventario\vendor\cakephp\cakephp\src\Routing\Middleware\RoutingMiddleware.php:189
- C:\xampp\htdocs\inventario\vendor\cakephp\cakephp\src\Http\Runner.php:82
- C:\xampp\htdocs\inventario\vendor\cakephp\cakephp\src\Routing\Middleware\AssetMiddleware.php:68
- C:\xampp\htdocs\inventario\vendor\cakephp\cakephp\src\Http\Runner.php:82
- C:\xampp\htdocs\inventario\vendor\cakephp\cakephp\src\Error\Middleware\ErrorHandlerMiddleware.php:149
- C:\xampp\htdocs\inventario\vendor\cakephp\cakephp\src\Http\Runner.php:82
- C:\xampp\htdocs\inventario\vendor\cakephp\debug_kit\src\Middleware\DebugKitMiddleware.php:60
- C:\xampp\htdocs\inventario\vendor\cakephp\cakephp\src\Http\Runner.php:82
- C:\xampp\htdocs\inventario\vendor\cakephp\cakephp\src\Http\Runner.php:67
- C:\xampp\htdocs\inventario\vendor\cakephp\cakephp\src\Http\Server.php:99
- C:\xampp\htdocs\inventario\webroot\index.php:40
- [main]:

Caused by: [PDOException] SQLSTATE[HY000] [2002] Nenhuma conexão pôde ser feita porque a máquina de destino as recusou ativamente in C:\xampp\htdocs\inventario\vendor\cakephp\cakephp\src\Database\Driver.php on line 136
Stack Trace:
- C:\xampp\htdocs\inventario\vendor\cakephp\cakephp\src\Database\Driver.php:136
- C:\xampp\htdocs\inventario\vendor\cakephp\cakephp\src\Core\Retry\CommandRetry.php:70
- C:\xampp\htdocs\inventario\vendor\cakephp\cakephp\src\Database\Driver.php:142
- C:\xampp\htdocs\inventario\vendor\cakephp\cakephp\src\Database\Driver\Mysql.php:165
- C:\xampp\htdocs\inventario\vendor\cakephp\cakephp\src\Database\Schema\SchemaDialect.php:51
- C:\xampp\htdocs\inventario\vendor\cakephp\cakephp\src\Database\Driver\Mysql.php:217
- C:\xampp\htdocs\inventario\vendor\cakephp\cakephp\src\Database\Schema\Collection.php:53
- C:\xampp\htdocs\inventario\vendor\cakephp\cakephp\src\Database\Connection.php:542
- C:\xampp\htdocs\inventario\vendor\cakephp\cakephp\src\ORM\Table.php:527
- C:\xampp\htdocs\inventario\vendor\cakephp\cakephp\src\ORM\Query.php:309
- C:\xampp\htdocs\inventario\vendor\cakephp\cakephp\src\ORM\Query.php:185
- C:\xampp\htdocs\inventario\vendor\cakephp\cakephp\src\ORM\Table.php:1763
- C:\xampp\htdocs\inventario\vendor\cakephp\cakephp\src\ORM\Table.php:1281
- C:\xampp\htdocs\inventario\vendor\cakephp\cakephp\src\Datasource\Paging\NumericPaginator.php:228
- C:\xampp\htdocs\inventario\vendor\cakephp\cakephp\src\Datasource\Paging\NumericPaginator.php:190
- C:\xampp\htdocs\inventario\vendor\cakephp\cakephp\src\Controller\Controller.php:993
- C:\xampp\htdocs\inventario\src\Controller\CategoriasController.php:21
- C:\xampp\htdocs\inventario\vendor\cakephp\cakephp\src\Controller\Controller.php:560
- C:\xampp\htdocs\inventario\vendor\cakephp\cakephp\src\Controller\ControllerFactory.php:140
- C:\xampp\htdocs\inventario\vendor\cakephp\cakephp\src\Controller\ControllerFactory.php:115
- C:\xampp\htdocs\inventario\vendor\cakephp\cakephp\src\Http\BaseApplication.php:325
- C:\xampp\htdocs\inventario\vendor\cakephp\cakephp\src\Http\Runner.php:86
- C:\xampp\htdocs\inventario\vendor\cakephp\cakephp\src\Http\Middleware\CsrfProtectionMiddleware.php:166
- C:\xampp\htdocs\inventario\vendor\cakephp\cakephp\src\Http\Runner.php:82
- C:\xampp\htdocs\inventario\vendor\cakephp\cakephp\src\Http\Middleware\BodyParserMiddleware.php:157
- C:\xampp\htdocs\inventario\vendor\cakephp\cakephp\src\Http\Runner.php:82
- C:\xampp\htdocs\inventario\vendor\cakephp\cakephp\src\Routing\Middleware\RoutingMiddleware.php:189
- C:\xampp\htdocs\inventario\vendor\cakephp\cakephp\src\Http\Runner.php:82
- C:\xampp\htdocs\inventario\vendor\cakephp\cakephp\src\Routing\Middleware\AssetMiddleware.php:68
- C:\xampp\htdocs\inventario\vendor\cakephp\cakephp\src\Http\Runner.php:82
- C:\xampp\htdocs\inventario\vendor\cakephp\cakephp\src\Error\Middleware\ErrorHandlerMiddleware.php:149
- C:\xampp\htdocs\inventario\vendor\cakephp\cakephp\src\Http\Runner.php:82
- C:\xampp\htdocs\inventario\vendor\cakephp\debug_kit\src\Middleware\DebugKitMiddleware.php:60
- C:\xampp\htdocs\inventario\vendor\cakephp\cakephp\src\Http\Runner.php:82
- C:\xampp\htdocs\inventario\vendor\cakephp\cakephp\src\Http\Runner.php:67
- C:\xampp\htdocs\inventario\vendor\cakephp\cakephp\src\Http\Server.php:99
- C:\xampp\htdocs\inventario\webroot\index.php:40
- [main]:

Request URL: /categorias
2025-11-08 13:08:45 error: [Cake\Controller\Exception\MissingActionException] Action CategoriasController::produtos() could not be found, or is not accessible. in C:\xampp_new\htdocs\inventario\vendor\cakephp\cakephp\src\Controller\Controller.php on line 539
Exception Attributes: array (
  'controller' => 'CategoriasController',
  'action' => 'produtos',
  'prefix' => '',
  'plugin' => NULL,
)
Stack Trace:
- C:\xampp_new\htdocs\inventario\vendor\cakephp\cakephp\src\Controller\ControllerFactory.php:135
- C:\xampp_new\htdocs\inventario\vendor\cakephp\cakephp\src\Controller\ControllerFactory.php:115
- C:\xampp_new\htdocs\inventario\vendor\cakephp\cakephp\src\Http\BaseApplication.php:325
- C:\xampp_new\htdocs\inventario\vendor\cakephp\cakephp\src\Http\Runner.php:86
- C:\xampp_new\htdocs\inventario\vendor\cakephp\cakephp\src\Http\Middleware\CsrfProtectionMiddleware.php:176
- C:\xampp_new\htdocs\inventario\vendor\cakephp\cakephp\src\Http\Runner.php:82
- C:\xampp_new\htdocs\inventario\vendor\cakephp\cakephp\src\Http\Middleware\BodyParserMiddleware.php:157
- C:\xampp_new\htdocs\inventario\vendor\cakephp\cakephp\src\Http\Runner.php:82
- C:\xampp_new\htdocs\inventario\vendor\cakephp\cakephp\src\Routing\Middleware\RoutingMiddleware.php:189
- C:\xampp_new\htdocs\inventario\vendor\cakephp\cakephp\src\Http\Runner.php:82
- C:\xampp_new\htdocs\inventario\vendor\cakephp\cakephp\src\Routing\Middleware\AssetMiddleware.php:68
- C:\xampp_new\htdocs\inventario\vendor\cakephp\cakephp\src\Http\Runner.php:82
- C:\xampp_new\htdocs\inventario\vendor\cakephp\cakephp\src\Error\Middleware\ErrorHandlerMiddleware.php:149
- C:\xampp_new\htdocs\inventario\vendor\cakephp\cakephp\src\Http\Runner.php:82
- C:\xampp_new\htdocs\inventario\vendor\cakephp\debug_kit\src\Middleware\DebugKitMiddleware.php:60
- C:\xampp_new\htdocs\inventario\vendor\cakephp\cakephp\src\Http\Runner.php:82
- C:\xampp_new\htdocs\inventario\vendor\cakephp\cakephp\src\Http\Runner.php:67
- C:\xampp_new\htdocs\inventario\vendor\cakephp\cakephp\src\Http\Server.php:99
- C:\xampp_new\htdocs\inventario\webroot\index.php:40
- [main]:

Request URL: /categorias/produtos
2025-11-08 13:09:23 error: [Cake\Controller\Exception\MissingActionException] Action CategoriasController::produtos() could not be found, or is not accessible. in C:\xampp_new\htdocs\inventario\vendor\cakephp\cakephp\src\Controller\Controller.php on line 539
Exception Attributes: array (
  'controller' => 'CategoriasController',
  'action' => 'produtos',
  'prefix' => '',
  'plugin' => NULL,
)
Stack Trace:
- C:\xampp_new\htdocs\inventario\vendor\cakephp\cakephp\src\Controller\ControllerFactory.php:135
- C:\xampp_new\htdocs\inventario\vendor\cakephp\cakephp\src\Controller\ControllerFactory.php:115
- C:\xampp_new\htdocs\inventario\vendor\cakephp\cakephp\src\Http\BaseApplication.php:325
- C:\xampp_new\htdocs\inventario\vendor\cakephp\cakephp\src\Http\Runner.php:86
- C:\xampp_new\htdocs\inventario\vendor\cakephp\cakephp\src\Http\Middleware\CsrfProtectionMiddleware.php:176
- C:\xampp_new\htdocs\inventario\vendor\cakephp\cakephp\src\Http\Runner.php:82
- C:\xampp_new\htdocs\inventario\vendor\cakephp\cakephp\src\Http\Middleware\BodyParserMiddleware.php:157
- C:\xampp_new\htdocs\inventario\vendor\cakephp\cakephp\src\Http\Runner.php:82
- C:\xampp_new\htdocs\inventario\vendor\cakephp\cakephp\src\Routing\Middleware\RoutingMiddleware.php:189
- C:\xampp_new\htdocs\inventario\vendor\cakephp\cakephp\src\Http\Runner.php:82
- C:\xampp_new\htdocs\inventario\vendor\cakephp\cakephp\src\Routing\Middleware\AssetMiddleware.php:68
- C:\xampp_new\htdocs\inventario\vendor\cakephp\cakephp\src\Http\Runner.php:82
- C:\xampp_new\htdocs\inventario\vendor\cakephp\cakephp\src\Error\Middleware\ErrorHandlerMiddleware.php:149
- C:\xampp_new\htdocs\inventario\vendor\cakephp\cakephp\src\Http\Runner.php:82
- C:\xampp_new\htdocs\inventario\vendor\cakephp\debug_kit\src\Middleware\DebugKitMiddleware.php:60
- C:\xampp_new\htdocs\inventario\vendor\cakephp\cakephp\src\Http\Runner.php:82
- C:\xampp_new\htdocs\inventario\vendor\cakephp\cakephp\src\Http\Runner.php:67
- C:\xampp_new\htdocs\inventario\vendor\cakephp\cakephp\src\Http\Server.php:99
- C:\xampp_new\htdocs\inventario\webroot\index.php:40
- [main]:

Request URL: /categorias/produtos
2025-11-08 14:53:25 warning: Attempt to read property "nome" on null
Request URL: /dashboard
Trace:
App\Controller\DashboardController->index() C:\xampp_new\htdocs\inventario\vendor\cakephp\cakephp\src\Controller\Controller.php, line 560
Cake\Controller\Controller->invokeAction() C:\xampp_new\htdocs\inventario\vendor\cakephp\cakephp\src\Controller\ControllerFactory.php, line 140
Cake\Controller\ControllerFactory->handle() C:\xampp_new\htdocs\inventario\vendor\cakephp\cakephp\src\Controller\ControllerFactory.php, line 115
Cake\Controller\ControllerFactory->invoke() C:\xampp_new\htdocs\inventario\vendor\cakephp\cakephp\src\Http\BaseApplication.php, line 325
Cake\Http\BaseApplication->handle() C:\xampp_new\htdocs\inventario\vendor\cakephp\cakephp\src\Http\Runner.php, line 86
Cake\Http\Runner->handle() C:\xampp_new\htdocs\inventario\vendor\cakephp\cakephp\src\Http\Middleware\CsrfProtectionMiddleware.php, line 176
Cake\Http\Middleware\CsrfProtectionMiddleware->process() C:\xampp_new\htdocs\inventario\vendor\cakephp\cakephp\src\Http\Runner.php, line 82
Cake\Http\Runner->handle() C:\xampp_new\htdocs\inventario\vendor\cakephp\cakephp\src\Http\Middleware\BodyParserMiddleware.php, line 157
Cake\Http\Middleware\BodyParserMiddleware->process() C:\xampp_new\htdocs\inventario\vendor\cakephp\cakephp\src\Http\Runner.php, line 82
Cake\Http\Runner->handle() C:\xampp_new\htdocs\inventario\vendor\cakephp\cakephp\src\Routing\Middleware\RoutingMiddleware.php, line 189
Cake\Routing\Middleware\RoutingMiddleware->process() C:\xampp_new\htdocs\inventario\vendor\cakephp\cakephp\src\Http\Runner.php, line 82
Cake\Http\Runner->handle() C:\xampp_new\htdocs\inventario\vendor\cakephp\cakephp\src\Routing\Middleware\AssetMiddleware.php, line 68
Cake\Routing\Middleware\AssetMiddleware->process() C:\xampp_new\htdocs\inventario\vendor\cakephp\cakephp\src\Http\Runner.php, line 82
Cake\Http\Runner->handle() C:\xampp_new\htdocs\inventario\vendor\cakephp\cakephp\src\Error\Middleware\ErrorHandlerMiddleware.php, line 149
Cake\Error\Middleware\ErrorHandlerMiddleware->process() C:\xampp_new\htdocs\inventario\vendor\cakephp\cakephp\src\Http\Runner.php, line 82
Cake\Http\Runner->handle() C:\xampp_new\htdocs\inventario\vendor\cakephp\debug_kit\src\Middleware\DebugKitMiddleware.php, line 60
DebugKit\Middleware\DebugKitMiddleware->process() C:\xampp_new\htdocs\inventario\vendor\cakephp\cakephp\src\Http\Runner.php, line 82
Cake\Http\Runner->handle() C:\xampp_new\htdocs\inventario\vendor\cakephp\cakephp\src\Http\Runner.php, line 67
Cake\Http\Runner->run() C:\xampp_new\htdocs\inventario\vendor\cakephp\cakephp\src\Http\Server.php, line 99
Cake\Http\Server->run() C:\xampp_new\htdocs\inventario\webroot\index.php, line 40
[main]

2025-11-08 14:53:25 warning: Attempt to read property "nome" on null
Request URL: /dashboard
Trace:
App\Controller\DashboardController->index() C:\xampp_new\htdocs\inventario\vendor\cakephp\cakephp\src\Controller\Controller.php, line 560
Cake\Controller\Controller->invokeAction() C:\xampp_new\htdocs\inventario\vendor\cakephp\cakephp\src\Controller\ControllerFactory.php, line 140
Cake\Controller\ControllerFactory->handle() C:\xampp_new\htdocs\inventario\vendor\cakephp\cakephp\src\Controller\ControllerFactory.php, line 115
Cake\Controller\ControllerFactory->invoke() C:\xampp_new\htdocs\inventario\vendor\cakephp\cakephp\src\Http\BaseApplication.php, line 325
Cake\Http\BaseApplication->handle() C:\xampp_new\htdocs\inventario\vendor\cakephp\cakephp\src\Http\Runner.php, line 86
Cake\Http\Runner->handle() C:\xampp_new\htdocs\inventario\vendor\cakephp\cakephp\src\Http\Middleware\CsrfProtectionMiddleware.php, line 176
Cake\Http\Middleware\CsrfProtectionMiddleware->process() C:\xampp_new\htdocs\inventario\vendor\cakephp\cakephp\src\Http\Runner.php, line 82
Cake\Http\Runner->handle() C:\xampp_new\htdocs\inventario\vendor\cakephp\cakephp\src\Http\Middleware\BodyParserMiddleware.php, line 157
Cake\Http\Middleware\BodyParserMiddleware->process() C:\xampp_new\htdocs\inventario\vendor\cakephp\cakephp\src\Http\Runner.php, line 82
Cake\Http\Runner->handle() C:\xampp_new\htdocs\inventario\vendor\cakephp\cakephp\src\Routing\Middleware\RoutingMiddleware.php, line 189
Cake\Routing\Middleware\RoutingMiddleware->process() C:\xampp_new\htdocs\inventario\vendor\cakephp\cakephp\src\Http\Runner.php, line 82
Cake\Http\Runner->handle() C:\xampp_new\htdocs\inventario\vendor\cakephp\cakephp\src\Routing\Middleware\AssetMiddleware.php, line 68
Cake\Routing\Middleware\AssetMiddleware->process() C:\xampp_new\htdocs\inventario\vendor\cakephp\cakephp\src\Http\Runner.php, line 82
Cake\Http\Runner->handle() C:\xampp_new\htdocs\inventario\vendor\cakephp\cakephp\src\Error\Middleware\ErrorHandlerMiddleware.php, line 149
Cake\Error\Middleware\ErrorHandlerMiddleware->process() C:\xampp_new\htdocs\inventario\vendor\cakephp\cakephp\src\Http\Runner.php, line 82
Cake\Http\Runner->handle() C:\xampp_new\htdocs\inventario\vendor\cakephp\debug_kit\src\Middleware\DebugKitMiddleware.php, line 60
DebugKit\Middleware\DebugKitMiddleware->process() C:\xampp_new\htdocs\inventario\vendor\cakephp\cakephp\src\Http\Runner.php, line 82
Cake\Http\Runner->handle() C:\xampp_new\htdocs\inventario\vendor\cakephp\cakephp\src\Http\Runner.php, line 67
Cake\Http\Runner->run() C:\xampp_new\htdocs\inventario\vendor\cakephp\cakephp\src\Http\Server.php, line 99
Cake\Http\Server->run() C:\xampp_new\htdocs\inventario\webroot\index.php, line 40
[main]

2025-11-08 14:53:25 warning: Unable to emit headers. Headers sent in file=C:\xampp_new\htdocs\inventario\vendor\cakephp\cakephp\src\Error\Renderer\HtmlErrorRenderer.php line=37
Request URL: /dashboard
Trace:
C:\xampp_new\htdocs\inventario\vendor\cakephp\cakephp\src\Http\ResponseEmitter.php C:\xampp_new\htdocs\inventario\vendor\cakephp\cakephp\src\Http\ResponseEmitter.php, line 71
Cake\Http\ResponseEmitter->emit() C:\xampp_new\htdocs\inventario\vendor\cakephp\cakephp\src\Http\Server.php, line 137
Cake\Http\Server->emit() C:\xampp_new\htdocs\inventario\webroot\index.php, line 40
[main]

2025-11-08 14:53:25 warning: Cannot modify header information - headers already sent by (output started at C:\xampp_new\htdocs\inventario\vendor\cakephp\cakephp\src\Error\Renderer\HtmlErrorRenderer.php:37)
Request URL: /dashboard
Trace:
C:\xampp_new\htdocs\inventario\vendor\cakephp\cakephp\src\Http\ResponseEmitter.php C:\xampp_new\htdocs\inventario\vendor\cakephp\cakephp\src\Http\ResponseEmitter.php, line 168
Cake\Http\ResponseEmitter->emitStatusLine() C:\xampp_new\htdocs\inventario\vendor\cakephp\cakephp\src\Http\ResponseEmitter.php, line 74
Cake\Http\ResponseEmitter->emit() C:\xampp_new\htdocs\inventario\vendor\cakephp\cakephp\src\Http\Server.php, line 137
Cake\Http\Server->emit() C:\xampp_new\htdocs\inventario\webroot\index.php, line 40
[main]

2025-11-08 14:53:25 warning: Cannot modify header information - headers already sent by (output started at C:\xampp_new\htdocs\inventario\vendor\cakephp\cakephp\src\Error\Renderer\HtmlErrorRenderer.php:37)
Request URL: /dashboard
Trace:
C:\xampp_new\htdocs\inventario\vendor\cakephp\cakephp\src\Http\ResponseEmitter.php C:\xampp_new\htdocs\inventario\vendor\cakephp\cakephp\src\Http\ResponseEmitter.php, line 197
Cake\Http\ResponseEmitter->emitHeaders() C:\xampp_new\htdocs\inventario\vendor\cakephp\cakephp\src\Http\ResponseEmitter.php, line 75
Cake\Http\ResponseEmitter->emit() C:\xampp_new\htdocs\inventario\vendor\cakephp\cakephp\src\Http\Server.php, line 137
Cake\Http\Server->emit() C:\xampp_new\htdocs\inventario\webroot\index.php, line 40
[main]

2025-11-08 14:53:25 warning: Cannot modify header information - headers already sent by (output started at C:\xampp_new\htdocs\inventario\vendor\cakephp\cakephp\src\Error\Renderer\HtmlErrorRenderer.php:37)
Request URL: /dashboard
Trace:
C:\xampp_new\htdocs\inventario\vendor\cakephp\cakephp\src\Http\ResponseEmitter.php C:\xampp_new\htdocs\inventario\vendor\cakephp\cakephp\src\Http\ResponseEmitter.php, line 197
Cake\Http\ResponseEmitter->emitHeaders() C:\xampp_new\htdocs\inventario\vendor\cakephp\cakephp\src\Http\ResponseEmitter.php, line 75
Cake\Http\ResponseEmitter->emit() C:\xampp_new\htdocs\inventario\vendor\cakephp\cakephp\src\Http\Server.php, line 137
Cake\Http\Server->emit() C:\xampp_new\htdocs\inventario\webroot\index.php, line 40
[main]

2025-11-08 15:17:37 warning: Attempt to read property "nome" on null
Request URL: /dashboard
Trace:
App\Controller\DashboardController->index() C:\xampp_new\htdocs\inventario\vendor\cakephp\cakephp\src\Controller\Controller.php, line 560
Cake\Controller\Controller->invokeAction() C:\xampp_new\htdocs\inventario\vendor\cakephp\cakephp\src\Controller\ControllerFactory.php, line 140
Cake\Controller\ControllerFactory->handle() C:\xampp_new\htdocs\inventario\vendor\cakephp\cakephp\src\Controller\ControllerFactory.php, line 115
Cake\Controller\ControllerFactory->invoke() C:\xampp_new\htdocs\inventario\vendor\cakephp\cakephp\src\Http\BaseApplication.php, line 325
Cake\Http\BaseApplication->handle() C:\xampp_new\htdocs\inventario\vendor\cakephp\cakephp\src\Http\Runner.php, line 86
Cake\Http\Runner->handle() C:\xampp_new\htdocs\inventario\vendor\cakephp\cakephp\src\Http\Middleware\CsrfProtectionMiddleware.php, line 176
Cake\Http\Middleware\CsrfProtectionMiddleware->process() C:\xampp_new\htdocs\inventario\vendor\cakephp\cakephp\src\Http\Runner.php, line 82
Cake\Http\Runner->handle() C:\xampp_new\htdocs\inventario\vendor\cakephp\cakephp\src\Http\Middleware\BodyParserMiddleware.php, line 157
Cake\Http\Middleware\BodyParserMiddleware->process() C:\xampp_new\htdocs\inventario\vendor\cakephp\cakephp\src\Http\Runner.php, line 82
Cake\Http\Runner->handle() C:\xampp_new\htdocs\inventario\vendor\cakephp\cakephp\src\Routing\Middleware\RoutingMiddleware.php, line 189
Cake\Routing\Middleware\RoutingMiddleware->process() C:\xampp_new\htdocs\inventario\vendor\cakephp\cakephp\src\Http\Runner.php, line 82
Cake\Http\Runner->handle() C:\xampp_new\htdocs\inventario\vendor\cakephp\cakephp\src\Routing\Middleware\AssetMiddleware.php, line 68
Cake\Routing\Middleware\AssetMiddleware->process() C:\xampp_new\htdocs\inventario\vendor\cakephp\cakephp\src\Http\Runner.php, line 82
Cake\Http\Runner->handle() C:\xampp_new\htdocs\inventario\vendor\cakephp\cakephp\src\Error\Middleware\ErrorHandlerMiddleware.php, line 149
Cake\Error\Middleware\ErrorHandlerMiddleware->process() C:\xampp_new\htdocs\inventario\vendor\cakephp\cakephp\src\Http\Runner.php, line 82
Cake\Http\Runner->handle() C:\xampp_new\htdocs\inventario\vendor\cakephp\debug_kit\src\Middleware\DebugKitMiddleware.php, line 60
DebugKit\Middleware\DebugKitMiddleware->process() C:\xampp_new\htdocs\inventario\vendor\cakephp\cakephp\src\Http\Runner.php, line 82
Cake\Http\Runner->handle() C:\xampp_new\htdocs\inventario\vendor\cakephp\cakephp\src\Http\Runner.php, line 67
Cake\Http\Runner->run() C:\xampp_new\htdocs\inventario\vendor\cakephp\cakephp\src\Http\Server.php, line 99
Cake\Http\Server->run() C:\xampp_new\htdocs\inventario\webroot\index.php, line 40
[main]

2025-11-08 15:17:37 warning: Attempt to read property "nome" on null
Request URL: /dashboard
Trace:
App\Controller\DashboardController->index() C:\xampp_new\htdocs\inventario\vendor\cakephp\cakephp\src\Controller\Controller.php, line 560
Cake\Controller\Controller->invokeAction() C:\xampp_new\htdocs\inventario\vendor\cakephp\cakephp\src\Controller\ControllerFactory.php, line 140
Cake\Controller\ControllerFactory->handle() C:\xampp_new\htdocs\inventario\vendor\cakephp\cakephp\src\Controller\ControllerFactory.php, line 115
Cake\Controller\ControllerFactory->invoke() C:\xampp_new\htdocs\inventario\vendor\cakephp\cakephp\src\Http\BaseApplication.php, line 325
Cake\Http\BaseApplication->handle() C:\xampp_new\htdocs\inventario\vendor\cakephp\cakephp\src\Http\Runner.php, line 86
Cake\Http\Runner->handle() C:\xampp_new\htdocs\inventario\vendor\cakephp\cakephp\src\Http\Middleware\CsrfProtectionMiddleware.php, line 176
Cake\Http\Middleware\CsrfProtectionMiddleware->process() C:\xampp_new\htdocs\inventario\vendor\cakephp\cakephp\src\Http\Runner.php, line 82
Cake\Http\Runner->handle() C:\xampp_new\htdocs\inventario\vendor\cakephp\cakephp\src\Http\Middleware\BodyParserMiddleware.php, line 157
Cake\Http\Middleware\BodyParserMiddleware->process() C:\xampp_new\htdocs\inventario\vendor\cakephp\cakephp\src\Http\Runner.php, line 82
Cake\Http\Runner->handle() C:\xampp_new\htdocs\inventario\vendor\cakephp\cakephp\src\Routing\Middleware\RoutingMiddleware.php, line 189
Cake\Routing\Middleware\RoutingMiddleware->process() C:\xampp_new\htdocs\inventario\vendor\cakephp\cakephp\src\Http\Runner.php, line 82
Cake\Http\Runner->handle() C:\xampp_new\htdocs\inventario\vendor\cakephp\cakephp\src\Routing\Middleware\AssetMiddleware.php, line 68
Cake\Routing\Middleware\AssetMiddleware->process() C:\xampp_new\htdocs\inventario\vendor\cakephp\cakephp\src\Http\Runner.php, line 82
Cake\Http\Runner->handle() C:\xampp_new\htdocs\inventario\vendor\cakephp\cakephp\src\Error\Middleware\ErrorHandlerMiddleware.php, line 149
Cake\Error\Middleware\ErrorHandlerMiddleware->process() C:\xampp_new\htdocs\inventario\vendor\cakephp\cakephp\src\Http\Runner.php, line 82
Cake\Http\Runner->handle() C:\xampp_new\htdocs\inventario\vendor\cakephp\debug_kit\src\Middleware\DebugKitMiddleware.php, line 60
DebugKit\Middleware\DebugKitMiddleware->process() C:\xampp_new\htdocs\inventario\vendor\cakephp\cakephp\src\Http\Runner.php, line 82
Cake\Http\Runner->handle() C:\xampp_new\htdocs\inventario\vendor\cakephp\cakephp\src\Http\Runner.php, line 67
Cake\Http\Runner->run() C:\xampp_new\htdocs\inventario\vendor\cakephp\cakephp\src\Http\Server.php, line 99
Cake\Http\Server->run() C:\xampp_new\htdocs\inventario\webroot\index.php, line 40
[main]

2025-11-08 15:17:37 warning: Unable to emit headers. Headers sent in file=C:\xampp_new\htdocs\inventario\vendor\cakephp\cakephp\src\Error\Renderer\HtmlErrorRenderer.php line=37
Request URL: /dashboard
Trace:
C:\xampp_new\htdocs\inventario\vendor\cakephp\cakephp\src\Http\ResponseEmitter.php C:\xampp_new\htdocs\inventario\vendor\cakephp\cakephp\src\Http\ResponseEmitter.php, line 71
Cake\Http\ResponseEmitter->emit() C:\xampp_new\htdocs\inventario\vendor\cakephp\cakephp\src\Http\Server.php, line 137
Cake\Http\Server->emit() C:\xampp_new\htdocs\inventario\webroot\index.php, line 40
[main]

2025-11-08 15:17:37 warning: Cannot modify header information - headers already sent by (output started at C:\xampp_new\htdocs\inventario\vendor\cakephp\cakephp\src\Error\Renderer\HtmlErrorRenderer.php:37)
Request URL: /dashboard
Trace:
C:\xampp_new\htdocs\inventario\vendor\cakephp\cakephp\src\Http\ResponseEmitter.php C:\xampp_new\htdocs\inventario\vendor\cakephp\cakephp\src\Http\ResponseEmitter.php, line 168
Cake\Http\ResponseEmitter->emitStatusLine() C:\xampp_new\htdocs\inventario\vendor\cakephp\cakephp\src\Http\ResponseEmitter.php, line 74
Cake\Http\ResponseEmitter->emit() C:\xampp_new\htdocs\inventario\vendor\cakephp\cakephp\src\Http\Server.php, line 137
Cake\Http\Server->emit() C:\xampp_new\htdocs\inventario\webroot\index.php, line 40
[main]

2025-11-08 15:17:37 warning: Cannot modify header information - headers already sent by (output started at C:\xampp_new\htdocs\inventario\vendor\cakephp\cakephp\src\Error\Renderer\HtmlErrorRenderer.php:37)
Request URL: /dashboard
Trace:
C:\xampp_new\htdocs\inventario\vendor\cakephp\cakephp\src\Http\ResponseEmitter.php C:\xampp_new\htdocs\inventario\vendor\cakephp\cakephp\src\Http\ResponseEmitter.php, line 197
Cake\Http\ResponseEmitter->emitHeaders() C:\xampp_new\htdocs\inventario\vendor\cakephp\cakephp\src\Http\ResponseEmitter.php, line 75
Cake\Http\ResponseEmitter->emit() C:\xampp_new\htdocs\inventario\vendor\cakephp\cakephp\src\Http\Server.php, line 137
Cake\Http\Server->emit() C:\xampp_new\htdocs\inventario\webroot\index.php, line 40
[main]

2025-11-08 15:17:37 warning: Cannot modify header information - headers already sent by (output started at C:\xampp_new\htdocs\inventario\vendor\cakephp\cakephp\src\Error\Renderer\HtmlErrorRenderer.php:37)
Request URL: /dashboard
Trace:
C:\xampp_new\htdocs\inventario\vendor\cakephp\cakephp\src\Http\ResponseEmitter.php C:\xampp_new\htdocs\inventario\vendor\cakephp\cakephp\src\Http\ResponseEmitter.php, line 197
Cake\Http\ResponseEmitter->emitHeaders() C:\xampp_new\htdocs\inventario\vendor\cakephp\cakephp\src\Http\ResponseEmitter.php, line 75
Cake\Http\ResponseEmitter->emit() C:\xampp_new\htdocs\inventario\vendor\cakephp\cakephp\src\Http\Server.php, line 137
Cake\Http\Server->emit() C:\xampp_new\htdocs\inventario\webroot\index.php, line 40
[main]

2025-11-09 15:00:53 error: [Cake\ORM\Exception\MissingTableClassException] Table class for alias `Categoria` could not be found. in C:\xampp_new\htdocs\inventario\vendor\cakephp\cakephp\src\ORM\Locator\TableLocator.php on line 244
Exception Attributes: array (
  0 => 'for alias `Categoria`',
)
Stack Trace:
- C:\xampp_new\htdocs\inventario\vendor\cakephp\cakephp\src\Datasource\Locator\AbstractLocator.php:68
- C:\xampp_new\htdocs\inventario\vendor\cakephp\cakephp\src\ORM\Locator\TableLocator.php:206
- C:\xampp_new\htdocs\inventario\vendor\cakephp\cakephp\src\Datasource\ModelAwareTrait.php:135
- C:\xampp_new\htdocs\inventario\src\Controller\DashboardController.php:14
- C:\xampp_new\htdocs\inventario\vendor\cakephp\cakephp\src\Controller\Controller.php:560
- C:\xampp_new\htdocs\inventario\vendor\cakephp\cakephp\src\Controller\ControllerFactory.php:140
- C:\xampp_new\htdocs\inventario\vendor\cakephp\cakephp\src\Controller\ControllerFactory.php:115
- C:\xampp_new\htdocs\inventario\vendor\cakephp\cakephp\src\Http\BaseApplication.php:325
- C:\xampp_new\htdocs\inventario\vendor\cakephp\cakephp\src\Http\Runner.php:86
- C:\xampp_new\htdocs\inventario\vendor\cakephp\cakephp\src\Http\Middleware\CsrfProtectionMiddleware.php:176
- C:\xampp_new\htdocs\inventario\vendor\cakephp\cakephp\src\Http\Runner.php:82
- C:\xampp_new\htdocs\inventario\vendor\cakephp\cakephp\src\Http\Middleware\BodyParserMiddleware.php:157
- C:\xampp_new\htdocs\inventario\vendor\cakephp\cakephp\src\Http\Runner.php:82
- C:\xampp_new\htdocs\inventario\vendor\cakephp\cakephp\src\Routing\Middleware\RoutingMiddleware.php:189
- C:\xampp_new\htdocs\inventario\vendor\cakephp\cakephp\src\Http\Runner.php:82
- C:\xampp_new\htdocs\inventario\vendor\cakephp\cakephp\src\Routing\Middleware\AssetMiddleware.php:68
- C:\xampp_new\htdocs\inventario\vendor\cakephp\cakephp\src\Http\Runner.php:82
- C:\xampp_new\htdocs\inventario\vendor\cakephp\cakephp\src\Error\Middleware\ErrorHandlerMiddleware.php:149
- C:\xampp_new\htdocs\inventario\vendor\cakephp\cakephp\src\Http\Runner.php:82
- C:\xampp_new\htdocs\inventario\vendor\cakephp\debug_kit\src\Middleware\DebugKitMiddleware.php:60
- C:\xampp_new\htdocs\inventario\vendor\cakephp\cakephp\src\Http\Runner.php:82
- C:\xampp_new\htdocs\inventario\vendor\cakephp\cakephp\src\Http\Runner.php:67
- C:\xampp_new\htdocs\inventario\vendor\cakephp\cakephp\src\Http\Server.php:99
- C:\xampp_new\htdocs\inventario\webroot\index.php:40
- [main]:

Request URL: /dashboard
2025-11-09 15:21:11 warning: Attempt to read property "nome" on null
Request URL: /dashboard
Trace:
App\Controller\DashboardController->index() C:\xampp_new\htdocs\inventario\vendor\cakephp\cakephp\src\Controller\Controller.php, line 560
Cake\Controller\Controller->invokeAction() C:\xampp_new\htdocs\inventario\vendor\cakephp\cakephp\src\Controller\ControllerFactory.php, line 140
Cake\Controller\ControllerFactory->handle() C:\xampp_new\htdocs\inventario\vendor\cakephp\cakephp\src\Controller\ControllerFactory.php, line 115
Cake\Controller\ControllerFactory->invoke() C:\xampp_new\htdocs\inventario\vendor\cakephp\cakephp\src\Http\BaseApplication.php, line 325
Cake\Http\BaseApplication->handle() C:\xampp_new\htdocs\inventario\vendor\cakephp\cakephp\src\Http\Runner.php, line 86
Cake\Http\Runner->handle() C:\xampp_new\htdocs\inventario\vendor\cakephp\cakephp\src\Http\Middleware\CsrfProtectionMiddleware.php, line 176
Cake\Http\Middleware\CsrfProtectionMiddleware->process() C:\xampp_new\htdocs\inventario\vendor\cakephp\cakephp\src\Http\Runner.php, line 82
Cake\Http\Runner->handle() C:\xampp_new\htdocs\inventario\vendor\cakephp\cakephp\src\Http\Middleware\BodyParserMiddleware.php, line 157
Cake\Http\Middleware\BodyParserMiddleware->process() C:\xampp_new\htdocs\inventario\vendor\cakephp\cakephp\src\Http\Runner.php, line 82
Cake\Http\Runner->handle() C:\xampp_new\htdocs\inventario\vendor\cakephp\cakephp\src\Routing\Middleware\RoutingMiddleware.php, line 189
Cake\Routing\Middleware\RoutingMiddleware->process() C:\xampp_new\htdocs\inventario\vendor\cakephp\cakephp\src\Http\Runner.php, line 82
Cake\Http\Runner->handle() C:\xampp_new\htdocs\inventario\vendor\cakephp\cakephp\src\Routing\Middleware\AssetMiddleware.php, line 68
Cake\Routing\Middleware\AssetMiddleware->process() C:\xampp_new\htdocs\inventario\vendor\cakephp\cakephp\src\Http\Runner.php, line 82
Cake\Http\Runner->handle() C:\xampp_new\htdocs\inventario\vendor\cakephp\cakephp\src\Error\Middleware\ErrorHandlerMiddleware.php, line 149
Cake\Error\Middleware\ErrorHandlerMiddleware->process() C:\xampp_new\htdocs\inventario\vendor\cakephp\cakephp\src\Http\Runner.php, line 82
Cake\Http\Runner->handle() C:\xampp_new\htdocs\inventario\vendor\cakephp\debug_kit\src\Middleware\DebugKitMiddleware.php, line 60
DebugKit\Middleware\DebugKitMiddleware->process() C:\xampp_new\htdocs\inventario\vendor\cakephp\cakephp\src\Http\Runner.php, line 82
Cake\Http\Runner->handle() C:\xampp_new\htdocs\inventario\vendor\cakephp\cakephp\src\Http\Runner.php, line 67
Cake\Http\Runner->run() C:\xampp_new\htdocs\inventario\vendor\cakephp\cakephp\src\Http\Server.php, line 99
Cake\Http\Server->run() C:\xampp_new\htdocs\inventario\webroot\index.php, line 40
[main]

2025-11-09 15:21:11 warning: Attempt to read property "nome" on null
Request URL: /dashboard
Trace:
App\Controller\DashboardController->index() C:\xampp_new\htdocs\inventario\vendor\cakephp\cakephp\src\Controller\Controller.php, line 560
Cake\Controller\Controller->invokeAction() C:\xampp_new\htdocs\inventario\vendor\cakephp\cakephp\src\Controller\ControllerFactory.php, line 140
Cake\Controller\ControllerFactory->handle() C:\xampp_new\htdocs\inventario\vendor\cakephp\cakephp\src\Controller\ControllerFactory.php, line 115
Cake\Controller\ControllerFactory->invoke() C:\xampp_new\htdocs\inventario\vendor\cakephp\cakephp\src\Http\BaseApplication.php, line 325
Cake\Http\BaseApplication->handle() C:\xampp_new\htdocs\inventario\vendor\cakephp\cakephp\src\Http\Runner.php, line 86
Cake\Http\Runner->handle() C:\xampp_new\htdocs\inventario\vendor\cakephp\cakephp\src\Http\Middleware\CsrfProtectionMiddleware.php, line 176
Cake\Http\Middleware\CsrfProtectionMiddleware->process() C:\xampp_new\htdocs\inventario\vendor\cakephp\cakephp\src\Http\Runner.php, line 82
Cake\Http\Runner->handle() C:\xampp_new\htdocs\inventario\vendor\cakephp\cakephp\src\Http\Middleware\BodyParserMiddleware.php, line 157
Cake\Http\Middleware\BodyParserMiddleware->process() C:\xampp_new\htdocs\inventario\vendor\cakephp\cakephp\src\Http\Runner.php, line 82
Cake\Http\Runner->handle() C:\xampp_new\htdocs\inventario\vendor\cakephp\cakephp\src\Routing\Middleware\RoutingMiddleware.php, line 189
Cake\Routing\Middleware\RoutingMiddleware->process() C:\xampp_new\htdocs\inventario\vendor\cakephp\cakephp\src\Http\Runner.php, line 82
Cake\Http\Runner->handle() C:\xampp_new\htdocs\inventario\vendor\cakephp\cakephp\src\Routing\Middleware\AssetMiddleware.php, line 68
Cake\Routing\Middleware\AssetMiddleware->process() C:\xampp_new\htdocs\inventario\vendor\cakephp\cakephp\src\Http\Runner.php, line 82
Cake\Http\Runner->handle() C:\xampp_new\htdocs\inventario\vendor\cakephp\cakephp\src\Error\Middleware\ErrorHandlerMiddleware.php, line 149
Cake\Error\Middleware\ErrorHandlerMiddleware->process() C:\xampp_new\htdocs\inventario\vendor\cakephp\cakephp\src\Http\Runner.php, line 82
Cake\Http\Runner->handle() C:\xampp_new\htdocs\inventario\vendor\cakephp\debug_kit\src\Middleware\DebugKitMiddleware.php, line 60
DebugKit\Middleware\DebugKitMiddleware->process() C:\xampp_new\htdocs\inventario\vendor\cakephp\cakephp\src\Http\Runner.php, line 82
Cake\Http\Runner->handle() C:\xampp_new\htdocs\inventario\vendor\cakephp\cakephp\src\Http\Runner.php, line 67
Cake\Http\Runner->run() C:\xampp_new\htdocs\inventario\vendor\cakephp\cakephp\src\Http\Server.php, line 99
Cake\Http\Server->run() C:\xampp_new\htdocs\inventario\webroot\index.php, line 40
[main]

2025-11-09 15:21:12 warning: Unable to emit headers. Headers sent in file=C:\xampp_new\htdocs\inventario\vendor\cakephp\cakephp\src\Error\Renderer\HtmlErrorRenderer.php line=37
Request URL: /dashboard
Trace:
C:\xampp_new\htdocs\inventario\vendor\cakephp\cakephp\src\Http\ResponseEmitter.php C:\xampp_new\htdocs\inventario\vendor\cakephp\cakephp\src\Http\ResponseEmitter.php, line 71
Cake\Http\ResponseEmitter->emit() C:\xampp_new\htdocs\inventario\vendor\cakephp\cakephp\src\Http\Server.php, line 137
Cake\Http\Server->emit() C:\xampp_new\htdocs\inventario\webroot\index.php, line 40
[main]

2025-11-09 15:21:12 warning: Cannot modify header information - headers already sent by (output started at C:\xampp_new\htdocs\inventario\vendor\cakephp\cakephp\src\Error\Renderer\HtmlErrorRenderer.php:37)
Request URL: /dashboard
Trace:
C:\xampp_new\htdocs\inventario\vendor\cakephp\cakephp\src\Http\ResponseEmitter.php C:\xampp_new\htdocs\inventario\vendor\cakephp\cakephp\src\Http\ResponseEmitter.php, line 168
Cake\Http\ResponseEmitter->emitStatusLine() C:\xampp_new\htdocs\inventario\vendor\cakephp\cakephp\src\Http\ResponseEmitter.php, line 74
Cake\Http\ResponseEmitter->emit() C:\xampp_new\htdocs\inventario\vendor\cakephp\cakephp\src\Http\Server.php, line 137
Cake\Http\Server->emit() C:\xampp_new\htdocs\inventario\webroot\index.php, line 40
[main]

2025-11-09 15:21:12 warning: Cannot modify header information - headers already sent by (output started at C:\xampp_new\htdocs\inventario\vendor\cakephp\cakephp\src\Error\Renderer\HtmlErrorRenderer.php:37)
Request URL: /dashboard
Trace:
C:\xampp_new\htdocs\inventario\vendor\cakephp\cakephp\src\Http\ResponseEmitter.php C:\xampp_new\htdocs\inventario\vendor\cakephp\cakephp\src\Http\ResponseEmitter.php, line 197
Cake\Http\ResponseEmitter->emitHeaders() C:\xampp_new\htdocs\inventario\vendor\cakephp\cakephp\src\Http\ResponseEmitter.php, line 75
Cake\Http\ResponseEmitter->emit() C:\xampp_new\htdocs\inventario\vendor\cakephp\cakephp\src\Http\Server.php, line 137
Cake\Http\Server->emit() C:\xampp_new\htdocs\inventario\webroot\index.php, line 40
[main]

2025-11-09 15:21:12 warning: Cannot modify header information - headers already sent by (output started at C:\xampp_new\htdocs\inventario\vendor\cakephp\cakephp\src\Error\Renderer\HtmlErrorRenderer.php:37)
Request URL: /dashboard
Trace:
C:\xampp_new\htdocs\inventario\vendor\cakephp\cakephp\src\Http\ResponseEmitter.php C:\xampp_new\htdocs\inventario\vendor\cakephp\cakephp\src\Http\ResponseEmitter.php, line 197
Cake\Http\ResponseEmitter->emitHeaders() C:\xampp_new\htdocs\inventario\vendor\cakephp\cakephp\src\Http\ResponseEmitter.php, line 75
Cake\Http\ResponseEmitter->emit() C:\xampp_new\htdocs\inventario\vendor\cakephp\cakephp\src\Http\Server.php, line 137
Cake\Http\Server->emit() C:\xampp_new\htdocs\inventario\webroot\index.php, line 40
[main]

2025-11-09 15:30:54 error: [Cake\Http\Exception\MissingControllerException] Controller class Dashboard could not be found. in C:\xampp_new\htdocs\inventario\vendor\cakephp\cakephp\src\Controller\ControllerFactory.php on line 338
Exception Attributes: array (
  'controller' => 'Dashboard',
  'plugin' => NULL,
  'prefix' => NULL,
  '_ext' => NULL,
  'class' => 'Dashboard',
)
Stack Trace:
- C:\xampp_new\htdocs\inventario\vendor\cakephp\cakephp\src\Controller\ControllerFactory.php:75
- C:\xampp_new\htdocs\inventario\vendor\cakephp\cakephp\src\Http\BaseApplication.php:320
- C:\xampp_new\htdocs\inventario\vendor\cakephp\cakephp\src\Http\Runner.php:86
- C:\xampp_new\htdocs\inventario\vendor\cakephp\cakephp\src\Http\Middleware\CsrfProtectionMiddleware.php:176
- C:\xampp_new\htdocs\inventario\vendor\cakephp\cakephp\src\Http\Runner.php:82
- C:\xampp_new\htdocs\inventario\vendor\cakephp\cakephp\src\Http\Middleware\BodyParserMiddleware.php:157
- C:\xampp_new\htdocs\inventario\vendor\cakephp\cakephp\src\Http\Runner.php:82
- C:\xampp_new\htdocs\inventario\vendor\cakephp\cakephp\src\Routing\Middleware\RoutingMiddleware.php:189
- C:\xampp_new\htdocs\inventario\vendor\cakephp\cakephp\src\Http\Runner.php:82
- C:\xampp_new\htdocs\inventario\vendor\cakephp\cakephp\src\Routing\Middleware\AssetMiddleware.php:68
- C:\xampp_new\htdocs\inventario\vendor\cakephp\cakephp\src\Http\Runner.php:82
- C:\xampp_new\htdocs\inventario\vendor\cakephp\cakephp\src\Error\Middleware\ErrorHandlerMiddleware.php:149
- C:\xampp_new\htdocs\inventario\vendor\cakephp\cakephp\src\Http\Runner.php:82
- C:\xampp_new\htdocs\inventario\vendor\cakephp\debug_kit\src\Middleware\DebugKitMiddleware.php:60
- C:\xampp_new\htdocs\inventario\vendor\cakephp\cakephp\src\Http\Runner.php:82
- C:\xampp_new\htdocs\inventario\vendor\cakephp\cakephp\src\Http\Runner.php:67
- C:\xampp_new\htdocs\inventario\vendor\cakephp\cakephp\src\Http\Server.php:99
- C:\xampp_new\htdocs\inventario\webroot\index.php:40
- [main]:

Request URL: /dashboard
2025-11-09 15:31:01 error: [Cake\Http\Exception\MissingControllerException] Controller class Dashboard could not be found. in C:\xampp_new\htdocs\inventario\vendor\cakephp\cakephp\src\Controller\ControllerFactory.php on line 338
Exception Attributes: array (
  'controller' => 'Dashboard',
  'plugin' => NULL,
  'prefix' => NULL,
  '_ext' => NULL,
  'class' => 'Dashboard',
)
Stack Trace:
- C:\xampp_new\htdocs\inventario\vendor\cakephp\cakephp\src\Controller\ControllerFactory.php:75
- C:\xampp_new\htdocs\inventario\vendor\cakephp\cakephp\src\Http\BaseApplication.php:320
- C:\xampp_new\htdocs\inventario\vendor\cakephp\cakephp\src\Http\Runner.php:86
- C:\xampp_new\htdocs\inventario\vendor\cakephp\cakephp\src\Http\Middleware\CsrfProtectionMiddleware.php:176
- C:\xampp_new\htdocs\inventario\vendor\cakephp\cakephp\src\Http\Runner.php:82
- C:\xampp_new\htdocs\inventario\vendor\cakephp\cakephp\src\Http\Middleware\BodyParserMiddleware.php:157
- C:\xampp_new\htdocs\inventario\vendor\cakephp\cakephp\src\Http\Runner.php:82
- C:\xampp_new\htdocs\inventario\vendor\cakephp\cakephp\src\Routing\Middleware\RoutingMiddleware.php:189
- C:\xampp_new\htdocs\inventario\vendor\cakephp\cakephp\src\Http\Runner.php:82
- C:\xampp_new\htdocs\inventario\vendor\cakephp\cakephp\src\Routing\Middleware\AssetMiddleware.php:68
- C:\xampp_new\htdocs\inventario\vendor\cakephp\cakephp\src\Http\Runner.php:82
- C:\xampp_new\htdocs\inventario\vendor\cakephp\cakephp\src\Error\Middleware\ErrorHandlerMiddleware.php:149
- C:\xampp_new\htdocs\inventario\vendor\cakephp\cakephp\src\Http\Runner.php:82
- C:\xampp_new\htdocs\inventario\vendor\cakephp\debug_kit\src\Middleware\DebugKitMiddleware.php:60
- C:\xampp_new\htdocs\inventario\vendor\cakephp\cakephp\src\Http\Runner.php:82
- C:\xampp_new\htdocs\inventario\vendor\cakephp\cakephp\src\Http\Runner.php:67
- C:\xampp_new\htdocs\inventario\vendor\cakephp\cakephp\src\Http\Server.php:99
- C:\xampp_new\htdocs\inventario\webroot\index.php:40
- [main]:

Request URL: /dashboard
2025-11-09 15:38:34 warning: Attempt to read property "nome" on null
Request URL: /dashboard
Trace:
App\Controller\DashboardController->index() C:\xampp_new\htdocs\inventario\vendor\cakephp\cakephp\src\Controller\Controller.php, line 560
Cake\Controller\Controller->invokeAction() C:\xampp_new\htdocs\inventario\vendor\cakephp\cakephp\src\Controller\ControllerFactory.php, line 140
Cake\Controller\ControllerFactory->handle() C:\xampp_new\htdocs\inventario\vendor\cakephp\cakephp\src\Controller\ControllerFactory.php, line 115
Cake\Controller\ControllerFactory->invoke() C:\xampp_new\htdocs\inventario\vendor\cakephp\cakephp\src\Http\BaseApplication.php, line 325
Cake\Http\BaseApplication->handle() C:\xampp_new\htdocs\inventario\vendor\cakephp\cakephp\src\Http\Runner.php, line 86
Cake\Http\Runner->handle() C:\xampp_new\htdocs\inventario\vendor\cakephp\cakephp\src\Http\Middleware\CsrfProtectionMiddleware.php, line 176
Cake\Http\Middleware\CsrfProtectionMiddleware->process() C:\xampp_new\htdocs\inventario\vendor\cakephp\cakephp\src\Http\Runner.php, line 82
Cake\Http\Runner->handle() C:\xampp_new\htdocs\inventario\vendor\cakephp\cakephp\src\Http\Middleware\BodyParserMiddleware.php, line 157
Cake\Http\Middleware\BodyParserMiddleware->process() C:\xampp_new\htdocs\inventario\vendor\cakephp\cakephp\src\Http\Runner.php, line 82
Cake\Http\Runner->handle() C:\xampp_new\htdocs\inventario\vendor\cakephp\cakephp\src\Routing\Middleware\RoutingMiddleware.php, line 189
Cake\Routing\Middleware\RoutingMiddleware->process() C:\xampp_new\htdocs\inventario\vendor\cakephp\cakephp\src\Http\Runner.php, line 82
Cake\Http\Runner->handle() C:\xampp_new\htdocs\inventario\vendor\cakephp\cakephp\src\Routing\Middleware\AssetMiddleware.php, line 68
Cake\Routing\Middleware\AssetMiddleware->process() C:\xampp_new\htdocs\inventario\vendor\cakephp\cakephp\src\Http\Runner.php, line 82
Cake\Http\Runner->handle() C:\xampp_new\htdocs\inventario\vendor\cakephp\cakephp\src\Error\Middleware\ErrorHandlerMiddleware.php, line 149
Cake\Error\Middleware\ErrorHandlerMiddleware->process() C:\xampp_new\htdocs\inventario\vendor\cakephp\cakephp\src\Http\Runner.php, line 82
Cake\Http\Runner->handle() C:\xampp_new\htdocs\inventario\vendor\cakephp\debug_kit\src\Middleware\DebugKitMiddleware.php, line 60
DebugKit\Middleware\DebugKitMiddleware->process() C:\xampp_new\htdocs\inventario\vendor\cakephp\cakephp\src\Http\Runner.php, line 82
Cake\Http\Runner->handle() C:\xampp_new\htdocs\inventario\vendor\cakephp\cakephp\src\Http\Runner.php, line 67
Cake\Http\Runner->run() C:\xampp_new\htdocs\inventario\vendor\cakephp\cakephp\src\Http\Server.php, line 99
Cake\Http\Server->run() C:\xampp_new\htdocs\inventario\webroot\index.php, line 40
[main]

2025-11-09 15:38:34 warning: Attempt to read property "nome" on null
Request URL: /dashboard
Trace:
App\Controller\DashboardController->index() C:\xampp_new\htdocs\inventario\vendor\cakephp\cakephp\src\Controller\Controller.php, line 560
Cake\Controller\Controller->invokeAction() C:\xampp_new\htdocs\inventario\vendor\cakephp\cakephp\src\Controller\ControllerFactory.php, line 140
Cake\Controller\ControllerFactory->handle() C:\xampp_new\htdocs\inventario\vendor\cakephp\cakephp\src\Controller\ControllerFactory.php, line 115
Cake\Controller\ControllerFactory->invoke() C:\xampp_new\htdocs\inventario\vendor\cakephp\cakephp\src\Http\BaseApplication.php, line 325
Cake\Http\BaseApplication->handle() C:\xampp_new\htdocs\inventario\vendor\cakephp\cakephp\src\Http\Runner.php, line 86
Cake\Http\Runner->handle() C:\xampp_new\htdocs\inventario\vendor\cakephp\cakephp\src\Http\Middleware\CsrfProtectionMiddleware.php, line 176
Cake\Http\Middleware\CsrfProtectionMiddleware->process() C:\xampp_new\htdocs\inventario\vendor\cakephp\cakephp\src\Http\Runner.php, line 82
Cake\Http\Runner->handle() C:\xampp_new\htdocs\inventario\vendor\cakephp\cakephp\src\Http\Middleware\BodyParserMiddleware.php, line 157
Cake\Http\Middleware\BodyParserMiddleware->process() C:\xampp_new\htdocs\inventario\vendor\cakephp\cakephp\src\Http\Runner.php, line 82
Cake\Http\Runner->handle() C:\xampp_new\htdocs\inventario\vendor\cakephp\cakephp\src\Routing\Middleware\RoutingMiddleware.php, line 189
Cake\Routing\Middleware\RoutingMiddleware->process() C:\xampp_new\htdocs\inventario\vendor\cakephp\cakephp\src\Http\Runner.php, line 82
Cake\Http\Runner->handle() C:\xampp_new\htdocs\inventario\vendor\cakephp\cakephp\src\Routing\Middleware\AssetMiddleware.php, line 68
Cake\Routing\Middleware\AssetMiddleware->process() C:\xampp_new\htdocs\inventario\vendor\cakephp\cakephp\src\Http\Runner.php, line 82
Cake\Http\Runner->handle() C:\xampp_new\htdocs\inventario\vendor\cakephp\cakephp\src\Error\Middleware\ErrorHandlerMiddleware.php, line 149
Cake\Error\Middleware\ErrorHandlerMiddleware->process() C:\xampp_new\htdocs\inventario\vendor\cakephp\cakephp\src\Http\Runner.php, line 82
Cake\Http\Runner->handle() C:\xampp_new\htdocs\inventario\vendor\cakephp\debug_kit\src\Middleware\DebugKitMiddleware.php, line 60
DebugKit\Middleware\DebugKitMiddleware->process() C:\xampp_new\htdocs\inventario\vendor\cakephp\cakephp\src\Http\Runner.php, line 82
Cake\Http\Runner->handle() C:\xampp_new\htdocs\inventario\vendor\cakephp\cakephp\src\Http\Runner.php, line 67
Cake\Http\Runner->run() C:\xampp_new\htdocs\inventario\vendor\cakephp\cakephp\src\Http\Server.php, line 99
Cake\Http\Server->run() C:\xampp_new\htdocs\inventario\webroot\index.php, line 40
[main]

2025-11-09 15:38:34 warning: Unable to emit headers. Headers sent in file=C:\xampp_new\htdocs\inventario\vendor\cakephp\cakephp\src\Error\Renderer\HtmlErrorRenderer.php line=37
Request URL: /dashboard
Trace:
C:\xampp_new\htdocs\inventario\vendor\cakephp\cakephp\src\Http\ResponseEmitter.php C:\xampp_new\htdocs\inventario\vendor\cakephp\cakephp\src\Http\ResponseEmitter.php, line 71
Cake\Http\ResponseEmitter->emit() C:\xampp_new\htdocs\inventario\vendor\cakephp\cakephp\src\Http\Server.php, line 137
Cake\Http\Server->emit() C:\xampp_new\htdocs\inventario\webroot\index.php, line 40
[main]

2025-11-09 15:38:34 warning: Cannot modify header information - headers already sent by (output started at C:\xampp_new\htdocs\inventario\vendor\cakephp\cakephp\src\Error\Renderer\HtmlErrorRenderer.php:37)
Request URL: /dashboard
Trace:
C:\xampp_new\htdocs\inventario\vendor\cakephp\cakephp\src\Http\ResponseEmitter.php C:\xampp_new\htdocs\inventario\vendor\cakephp\cakephp\src\Http\ResponseEmitter.php, line 168
Cake\Http\ResponseEmitter->emitStatusLine() C:\xampp_new\htdocs\inventario\vendor\cakephp\cakephp\src\Http\ResponseEmitter.php, line 74
Cake\Http\ResponseEmitter->emit() C:\xampp_new\htdocs\inventario\vendor\cakephp\cakephp\src\Http\Server.php, line 137
Cake\Http\Server->emit() C:\xampp_new\htdocs\inventario\webroot\index.php, line 40
[main]

2025-11-09 15:38:34 warning: Cannot modify header information - headers already sent by (output started at C:\xampp_new\htdocs\inventario\vendor\cakephp\cakephp\src\Error\Renderer\HtmlErrorRenderer.php:37)
Request URL: /dashboard
Trace:
C:\xampp_new\htdocs\inventario\vendor\cakephp\cakephp\src\Http\ResponseEmitter.php C:\xampp_new\htdocs\inventario\vendor\cakephp\cakephp\src\Http\ResponseEmitter.php, line 197
Cake\Http\ResponseEmitter->emitHeaders() C:\xampp_new\htdocs\inventario\vendor\cakephp\cakephp\src\Http\ResponseEmitter.php, line 75
Cake\Http\ResponseEmitter->emit() C:\xampp_new\htdocs\inventario\vendor\cakephp\cakephp\src\Http\Server.php, line 137
Cake\Http\Server->emit() C:\xampp_new\htdocs\inventario\webroot\index.php, line 40
[main]

2025-11-09 15:38:34 warning: Cannot modify header information - headers already sent by (output started at C:\xampp_new\htdocs\inventario\vendor\cakephp\cakephp\src\Error\Renderer\HtmlErrorRenderer.php:37)
Request URL: /dashboard
Trace:
C:\xampp_new\htdocs\inventario\vendor\cakephp\cakephp\src\Http\ResponseEmitter.php C:\xampp_new\htdocs\inventario\vendor\cakephp\cakephp\src\Http\ResponseEmitter.php, line 197
Cake\Http\ResponseEmitter->emitHeaders() C:\xampp_new\htdocs\inventario\vendor\cakephp\cakephp\src\Http\ResponseEmitter.php, line 75
Cake\Http\ResponseEmitter->emit() C:\xampp_new\htdocs\inventario\vendor\cakephp\cakephp\src\Http\Server.php, line 137
Cake\Http\Server->emit() C:\xampp_new\htdocs\inventario\webroot\index.php, line 40
[main]

2025-11-09 15:38:56 error: [PDOException] SQLSTATE[42000]: Syntax error or access violation: 1066 Not unique table/alias: 'Categorias' in C:\xampp_new\htdocs\inventario\vendor\cakephp\cakephp\src\Database\Statement\MysqlStatement.php on line 39
Stack Trace:
- C:\xampp_new\htdocs\inventario\vendor\cakephp\cakephp\src\Database\Statement\MysqlStatement.php:39
- C:\xampp_new\htdocs\inventario\vendor\cakephp\cakephp\src\Database\Statement\StatementDecorator.php:191
- C:\xampp_new\htdocs\inventario\vendor\cakephp\cakephp\src\Database\Log\LoggingStatement.php:78
- C:\xampp_new\htdocs\inventario\vendor\cakephp\cakephp\src\Database\Connection.php:448
- C:\xampp_new\htdocs\inventario\vendor\cakephp\cakephp\src\Core\Retry\CommandRetry.php:70
- C:\xampp_new\htdocs\inventario\vendor\cakephp\cakephp\src\Database\Connection.php:451
- C:\xampp_new\htdocs\inventario\vendor\cakephp\cakephp\src\Database\Query.php:274
- C:\xampp_new\htdocs\inventario\vendor\cakephp\cakephp\src\ORM\Query.php:1167
- C:\xampp_new\htdocs\inventario\vendor\cakephp\cakephp\src\Datasource\QueryTrait.php:305
- C:\xampp_new\htdocs\inventario\vendor\cakephp\cakephp\src\ORM\Query.php:1115
- C:\xampp_new\htdocs\inventario\vendor\cakephp\cakephp\src\Datasource\Paging\NumericPaginator.php:193
- C:\xampp_new\htdocs\inventario\vendor\cakephp\cakephp\src\Controller\Controller.php:993
- C:\xampp_new\htdocs\inventario\src\Controller\CategoriasController.php:24
- C:\xampp_new\htdocs\inventario\vendor\cakephp\cakephp\src\Controller\Controller.php:560
- C:\xampp_new\htdocs\inventario\vendor\cakephp\cakephp\src\Controller\ControllerFactory.php:140
- C:\xampp_new\htdocs\inventario\vendor\cakephp\cakephp\src\Controller\ControllerFactory.php:115
- C:\xampp_new\htdocs\inventario\vendor\cakephp\cakephp\src\Http\BaseApplication.php:325
- C:\xampp_new\htdocs\inventario\vendor\cakephp\cakephp\src\Http\Runner.php:86
- C:\xampp_new\htdocs\inventario\vendor\cakephp\cakephp\src\Http\Middleware\CsrfProtectionMiddleware.php:176
- C:\xampp_new\htdocs\inventario\vendor\cakephp\cakephp\src\Http\Runner.php:82
- C:\xampp_new\htdocs\inventario\vendor\cakephp\cakephp\src\Http\Middleware\BodyParserMiddleware.php:157
- C:\xampp_new\htdocs\inventario\vendor\cakephp\cakephp\src\Http\Runner.php:82
- C:\xampp_new\htdocs\inventario\vendor\cakephp\cakephp\src\Routing\Middleware\RoutingMiddleware.php:189
- C:\xampp_new\htdocs\inventario\vendor\cakephp\cakephp\src\Http\Runner.php:82
- C:\xampp_new\htdocs\inventario\vendor\cakephp\cakephp\src\Routing\Middleware\AssetMiddleware.php:68
- C:\xampp_new\htdocs\inventario\vendor\cakephp\cakephp\src\Http\Runner.php:82
- C:\xampp_new\htdocs\inventario\vendor\cakephp\cakephp\src\Error\Middleware\ErrorHandlerMiddleware.php:149
- C:\xampp_new\htdocs\inventario\vendor\cakephp\cakephp\src\Http\Runner.php:82
- C:\xampp_new\htdocs\inventario\vendor\cakephp\debug_kit\src\Middleware\DebugKitMiddleware.php:60
- C:\xampp_new\htdocs\inventario\vendor\cakephp\cakephp\src\Http\Runner.php:82
- C:\xampp_new\htdocs\inventario\vendor\cakephp\cakephp\src\Http\Runner.php:67
- C:\xampp_new\htdocs\inventario\vendor\cakephp\cakephp\src\Http\Server.php:99
- C:\xampp_new\htdocs\inventario\webroot\index.php:40
- [main]:

Request URL: /categorias
2025-11-09 15:38:57 error: [PDOException] SQLSTATE[42000]: Syntax error or access violation: 1066 Not unique table/alias: 'Categorias' in C:\xampp_new\htdocs\inventario\vendor\cakephp\cakephp\src\Database\Statement\MysqlStatement.php on line 39
Stack Trace:
- C:\xampp_new\htdocs\inventario\vendor\cakephp\cakephp\src\Database\Statement\MysqlStatement.php:39
- C:\xampp_new\htdocs\inventario\vendor\cakephp\cakephp\src\Database\Statement\StatementDecorator.php:191
- C:\xampp_new\htdocs\inventario\vendor\cakephp\cakephp\src\Database\Log\LoggingStatement.php:78
- C:\xampp_new\htdocs\inventario\vendor\cakephp\cakephp\src\Database\Connection.php:448
- C:\xampp_new\htdocs\inventario\vendor\cakephp\cakephp\src\Core\Retry\CommandRetry.php:70
- C:\xampp_new\htdocs\inventario\vendor\cakephp\cakephp\src\Database\Connection.php:451
- C:\xampp_new\htdocs\inventario\vendor\cakephp\cakephp\src\Database\Query.php:274
- C:\xampp_new\htdocs\inventario\vendor\cakephp\cakephp\src\ORM\Query.php:1167
- C:\xampp_new\htdocs\inventario\vendor\cakephp\cakephp\src\Datasource\QueryTrait.php:305
- C:\xampp_new\htdocs\inventario\vendor\cakephp\cakephp\src\ORM\Query.php:1115
- C:\xampp_new\htdocs\inventario\vendor\cakephp\cakephp\src\Datasource\Paging\NumericPaginator.php:193
- C:\xampp_new\htdocs\inventario\vendor\cakephp\cakephp\src\Controller\Controller.php:993
- C:\xampp_new\htdocs\inventario\src\Controller\CategoriasController.php:24
- C:\xampp_new\htdocs\inventario\vendor\cakephp\cakephp\src\Controller\Controller.php:560
- C:\xampp_new\htdocs\inventario\vendor\cakephp\cakephp\src\Controller\ControllerFactory.php:140
- C:\xampp_new\htdocs\inventario\vendor\cakephp\cakephp\src\Controller\ControllerFactory.php:115
- C:\xampp_new\htdocs\inventario\vendor\cakephp\cakephp\src\Http\BaseApplication.php:325
- C:\xampp_new\htdocs\inventario\vendor\cakephp\cakephp\src\Http\Runner.php:86
- C:\xampp_new\htdocs\inventario\vendor\cakephp\cakephp\src\Http\Middleware\CsrfProtectionMiddleware.php:176
- C:\xampp_new\htdocs\inventario\vendor\cakephp\cakephp\src\Http\Runner.php:82
- C:\xampp_new\htdocs\inventario\vendor\cakephp\cakephp\src\Http\Middleware\BodyParserMiddleware.php:157
- C:\xampp_new\htdocs\inventario\vendor\cakephp\cakephp\src\Http\Runner.php:82
- C:\xampp_new\htdocs\inventario\vendor\cakephp\cakephp\src\Routing\Middleware\RoutingMiddleware.php:189
- C:\xampp_new\htdocs\inventario\vendor\cakephp\cakephp\src\Http\Runner.php:82
- C:\xampp_new\htdocs\inventario\vendor\cakephp\cakephp\src\Routing\Middleware\AssetMiddleware.php:68
- C:\xampp_new\htdocs\inventario\vendor\cakephp\cakephp\src\Http\Runner.php:82
- C:\xampp_new\htdocs\inventario\vendor\cakephp\cakephp\src\Error\Middleware\ErrorHandlerMiddleware.php:149
- C:\xampp_new\htdocs\inventario\vendor\cakephp\cakephp\src\Http\Runner.php:82
- C:\xampp_new\htdocs\inventario\vendor\cakephp\debug_kit\src\Middleware\DebugKitMiddleware.php:60
- C:\xampp_new\htdocs\inventario\vendor\cakephp\cakephp\src\Http\Runner.php:82
- C:\xampp_new\htdocs\inventario\vendor\cakephp\cakephp\src\Http\Runner.php:67
- C:\xampp_new\htdocs\inventario\vendor\cakephp\cakephp\src\Http\Server.php:99
- C:\xampp_new\htdocs\inventario\webroot\index.php:40
- [main]:

Request URL: /categorias
2025-11-09 15:40:41 error: [PDOException] SQLSTATE[42000]: Syntax error or access violation: 1066 Not unique table/alias: 'Categorias' in C:\xampp_new\htdocs\inventario\vendor\cakephp\cakephp\src\Database\Statement\MysqlStatement.php on line 39
Stack Trace:
- C:\xampp_new\htdocs\inventario\vendor\cakephp\cakephp\src\Database\Statement\MysqlStatement.php:39
- C:\xampp_new\htdocs\inventario\vendor\cakephp\cakephp\src\Database\Statement\StatementDecorator.php:191
- C:\xampp_new\htdocs\inventario\vendor\cakephp\cakephp\src\Database\Log\LoggingStatement.php:78
- C:\xampp_new\htdocs\inventario\vendor\cakephp\cakephp\src\Database\Connection.php:448
- C:\xampp_new\htdocs\inventario\vendor\cakephp\cakephp\src\Core\Retry\CommandRetry.php:70
- C:\xampp_new\htdocs\inventario\vendor\cakephp\cakephp\src\Database\Connection.php:451
- C:\xampp_new\htdocs\inventario\vendor\cakephp\cakephp\src\Database\Query.php:274
- C:\xampp_new\htdocs\inventario\vendor\cakephp\cakephp\src\ORM\Query.php:1167
- C:\xampp_new\htdocs\inventario\vendor\cakephp\cakephp\src\Datasource\QueryTrait.php:305
- C:\xampp_new\htdocs\inventario\vendor\cakephp\cakephp\src\ORM\Query.php:1115
- C:\xampp_new\htdocs\inventario\vendor\cakephp\cakephp\src\Datasource\Paging\NumericPaginator.php:193
- C:\xampp_new\htdocs\inventario\vendor\cakephp\cakephp\src\Controller\Controller.php:993
- C:\xampp_new\htdocs\inventario\src\Controller\CategoriasController.php:24
- C:\xampp_new\htdocs\inventario\vendor\cakephp\cakephp\src\Controller\Controller.php:560
- C:\xampp_new\htdocs\inventario\vendor\cakephp\cakephp\src\Controller\ControllerFactory.php:140
- C:\xampp_new\htdocs\inventario\vendor\cakephp\cakephp\src\Controller\ControllerFactory.php:115
- C:\xampp_new\htdocs\inventario\vendor\cakephp\cakephp\src\Http\BaseApplication.php:325
- C:\xampp_new\htdocs\inventario\vendor\cakephp\cakephp\src\Http\Runner.php:86
- C:\xampp_new\htdocs\inventario\vendor\cakephp\cakephp\src\Http\Middleware\CsrfProtectionMiddleware.php:176
- C:\xampp_new\htdocs\inventario\vendor\cakephp\cakephp\src\Http\Runner.php:82
- C:\xampp_new\htdocs\inventario\vendor\cakephp\cakephp\src\Http\Middleware\BodyParserMiddleware.php:157
- C:\xampp_new\htdocs\inventario\vendor\cakephp\cakephp\src\Http\Runner.php:82
- C:\xampp_new\htdocs\inventario\vendor\cakephp\cakephp\src\Routing\Middleware\RoutingMiddleware.php:189
- C:\xampp_new\htdocs\inventario\vendor\cakephp\cakephp\src\Http\Runner.php:82
- C:\xampp_new\htdocs\inventario\vendor\cakephp\cakephp\src\Routing\Middleware\AssetMiddleware.php:68
- C:\xampp_new\htdocs\inventario\vendor\cakephp\cakephp\src\Http\Runner.php:82
- C:\xampp_new\htdocs\inventario\vendor\cakephp\cakephp\src\Error\Middleware\ErrorHandlerMiddleware.php:149
- C:\xampp_new\htdocs\inventario\vendor\cakephp\cakephp\src\Http\Runner.php:82
- C:\xampp_new\htdocs\inventario\vendor\cakephp\debug_kit\src\Middleware\DebugKitMiddleware.php:60
- C:\xampp_new\htdocs\inventario\vendor\cakephp\cakephp\src\Http\Runner.php:82
- C:\xampp_new\htdocs\inventario\vendor\cakephp\cakephp\src\Http\Runner.php:67
- C:\xampp_new\htdocs\inventario\vendor\cakephp\cakephp\src\Http\Server.php:99
- C:\xampp_new\htdocs\inventario\webroot\index.php:40
- [main]:

Request URL: /categorias
2025-11-09 15:40:45 error: [PDOException] SQLSTATE[42000]: Syntax error or access violation: 1066 Not unique table/alias: 'Categorias' in C:\xampp_new\htdocs\inventario\vendor\cakephp\cakephp\src\Database\Statement\MysqlStatement.php on line 39
Stack Trace:
- C:\xampp_new\htdocs\inventario\vendor\cakephp\cakephp\src\Database\Statement\MysqlStatement.php:39
- C:\xampp_new\htdocs\inventario\vendor\cakephp\cakephp\src\Database\Statement\StatementDecorator.php:191
- C:\xampp_new\htdocs\inventario\vendor\cakephp\cakephp\src\Database\Log\LoggingStatement.php:78
- C:\xampp_new\htdocs\inventario\vendor\cakephp\cakephp\src\Database\Connection.php:448
- C:\xampp_new\htdocs\inventario\vendor\cakephp\cakephp\src\Core\Retry\CommandRetry.php:70
- C:\xampp_new\htdocs\inventario\vendor\cakephp\cakephp\src\Database\Connection.php:451
- C:\xampp_new\htdocs\inventario\vendor\cakephp\cakephp\src\Database\Query.php:274
- C:\xampp_new\htdocs\inventario\vendor\cakephp\cakephp\src\ORM\Query.php:1167
- C:\xampp_new\htdocs\inventario\vendor\cakephp\cakephp\src\Datasource\QueryTrait.php:305
- C:\xampp_new\htdocs\inventario\vendor\cakephp\cakephp\src\ORM\Query.php:1115
- C:\xampp_new\htdocs\inventario\vendor\cakephp\cakephp\src\Datasource\Paging\NumericPaginator.php:193
- C:\xampp_new\htdocs\inventario\vendor\cakephp\cakephp\src\Controller\Controller.php:993
- C:\xampp_new\htdocs\inventario\src\Controller\CategoriasController.php:24
- C:\xampp_new\htdocs\inventario\vendor\cakephp\cakephp\src\Controller\Controller.php:560
- C:\xampp_new\htdocs\inventario\vendor\cakephp\cakephp\src\Controller\ControllerFactory.php:140
- C:\xampp_new\htdocs\inventario\vendor\cakephp\cakephp\src\Controller\ControllerFactory.php:115
- C:\xampp_new\htdocs\inventario\vendor\cakephp\cakephp\src\Http\BaseApplication.php:325
- C:\xampp_new\htdocs\inventario\vendor\cakephp\cakephp\src\Http\Runner.php:86
- C:\xampp_new\htdocs\inventario\vendor\cakephp\cakephp\src\Http\Middleware\CsrfProtectionMiddleware.php:176
- C:\xampp_new\htdocs\inventario\vendor\cakephp\cakephp\src\Http\Runner.php:82
- C:\xampp_new\htdocs\inventario\vendor\cakephp\cakephp\src\Http\Middleware\BodyParserMiddleware.php:157
- C:\xampp_new\htdocs\inventario\vendor\cakephp\cakephp\src\Http\Runner.php:82
- C:\xampp_new\htdocs\inventario\vendor\cakephp\cakephp\src\Routing\Middleware\RoutingMiddleware.php:189
- C:\xampp_new\htdocs\inventario\vendor\cakephp\cakephp\src\Http\Runner.php:82
- C:\xampp_new\htdocs\inventario\vendor\cakephp\cakephp\src\Routing\Middleware\AssetMiddleware.php:68
- C:\xampp_new\htdocs\inventario\vendor\cakephp\cakephp\src\Http\Runner.php:82
- C:\xampp_new\htdocs\inventario\vendor\cakephp\cakephp\src\Error\Middleware\ErrorHandlerMiddleware.php:149
- C:\xampp_new\htdocs\inventario\vendor\cakephp\cakephp\src\Http\Runner.php:82
- C:\xampp_new\htdocs\inventario\vendor\cakephp\debug_kit\src\Middleware\DebugKitMiddleware.php:60
- C:\xampp_new\htdocs\inventario\vendor\cakephp\cakephp\src\Http\Runner.php:82
- C:\xampp_new\htdocs\inventario\vendor\cakephp\cakephp\src\Http\Runner.php:67
- C:\xampp_new\htdocs\inventario\vendor\cakephp\cakephp\src\Http\Server.php:99
- C:\xampp_new\htdocs\inventario\webroot\index.php:40
- [main]:

Request URL: /categorias
2025-11-09 15:40:49 error: [Cake\Http\Exception\MissingControllerException] Controller class Categoria could not be found. in C:\xampp_new\htdocs\inventario\vendor\cakephp\cakephp\src\Controller\ControllerFactory.php on line 338
Exception Attributes: array (
  'controller' => 'Categoria',
  'plugin' => NULL,
  'prefix' => NULL,
  '_ext' => NULL,
  'class' => 'Categoria',
)
Stack Trace:
- C:\xampp_new\htdocs\inventario\vendor\cakephp\cakephp\src\Controller\ControllerFactory.php:75
- C:\xampp_new\htdocs\inventario\vendor\cakephp\cakephp\src\Http\BaseApplication.php:320
- C:\xampp_new\htdocs\inventario\vendor\cakephp\cakephp\src\Http\Runner.php:86
- C:\xampp_new\htdocs\inventario\vendor\cakephp\cakephp\src\Http\Middleware\CsrfProtectionMiddleware.php:176
- C:\xampp_new\htdocs\inventario\vendor\cakephp\cakephp\src\Http\Runner.php:82
- C:\xampp_new\htdocs\inventario\vendor\cakephp\cakephp\src\Http\Middleware\BodyParserMiddleware.php:157
- C:\xampp_new\htdocs\inventario\vendor\cakephp\cakephp\src\Http\Runner.php:82
- C:\xampp_new\htdocs\inventario\vendor\cakephp\cakephp\src\Routing\Middleware\RoutingMiddleware.php:189
- C:\xampp_new\htdocs\inventario\vendor\cakephp\cakephp\src\Http\Runner.php:82
- C:\xampp_new\htdocs\inventario\vendor\cakephp\cakephp\src\Routing\Middleware\AssetMiddleware.php:68
- C:\xampp_new\htdocs\inventario\vendor\cakephp\cakephp\src\Http\Runner.php:82
- C:\xampp_new\htdocs\inventario\vendor\cakephp\cakephp\src\Error\Middleware\ErrorHandlerMiddleware.php:149
- C:\xampp_new\htdocs\inventario\vendor\cakephp\cakephp\src\Http\Runner.php:82
- C:\xampp_new\htdocs\inventario\vendor\cakephp\debug_kit\src\Middleware\DebugKitMiddleware.php:60
- C:\xampp_new\htdocs\inventario\vendor\cakephp\cakephp\src\Http\Runner.php:82
- C:\xampp_new\htdocs\inventario\vendor\cakephp\cakephp\src\Http\Runner.php:67
- C:\xampp_new\htdocs\inventario\vendor\cakephp\cakephp\src\Http\Server.php:99
- C:\xampp_new\htdocs\inventario\webroot\index.php:40
- [main]:

Request URL: /categoria
2025-11-09 15:40:55 error: [PDOException] SQLSTATE[42000]: Syntax error or access violation: 1066 Not unique table/alias: 'Categorias' in C:\xampp_new\htdocs\inventario\vendor\cakephp\cakephp\src\Database\Statement\MysqlStatement.php on line 39
Stack Trace:
- C:\xampp_new\htdocs\inventario\vendor\cakephp\cakephp\src\Database\Statement\MysqlStatement.php:39
- C:\xampp_new\htdocs\inventario\vendor\cakephp\cakephp\src\Database\Statement\StatementDecorator.php:191
- C:\xampp_new\htdocs\inventario\vendor\cakephp\cakephp\src\Database\Log\LoggingStatement.php:78
- C:\xampp_new\htdocs\inventario\vendor\cakephp\cakephp\src\Database\Connection.php:448
- C:\xampp_new\htdocs\inventario\vendor\cakephp\cakephp\src\Core\Retry\CommandRetry.php:70
- C:\xampp_new\htdocs\inventario\vendor\cakephp\cakephp\src\Database\Connection.php:451
- C:\xampp_new\htdocs\inventario\vendor\cakephp\cakephp\src\Database\Query.php:274
- C:\xampp_new\htdocs\inventario\vendor\cakephp\cakephp\src\ORM\Query.php:1167
- C:\xampp_new\htdocs\inventario\vendor\cakephp\cakephp\src\Datasource\QueryTrait.php:305
- C:\xampp_new\htdocs\inventario\vendor\cakephp\cakephp\src\ORM\Query.php:1115
- C:\xampp_new\htdocs\inventario\vendor\cakephp\cakephp\src\Datasource\Paging\NumericPaginator.php:193
- C:\xampp_new\htdocs\inventario\vendor\cakephp\cakephp\src\Controller\Controller.php:993
- C:\xampp_new\htdocs\inventario\src\Controller\CategoriasController.php:24
- C:\xampp_new\htdocs\inventario\vendor\cakephp\cakephp\src\Controller\Controller.php:560
- C:\xampp_new\htdocs\inventario\vendor\cakephp\cakephp\src\Controller\ControllerFactory.php:140
- C:\xampp_new\htdocs\inventario\vendor\cakephp\cakephp\src\Controller\ControllerFactory.php:115
- C:\xampp_new\htdocs\inventario\vendor\cakephp\cakephp\src\Http\BaseApplication.php:325
- C:\xampp_new\htdocs\inventario\vendor\cakephp\cakephp\src\Http\Runner.php:86
- C:\xampp_new\htdocs\inventario\vendor\cakephp\cakephp\src\Http\Middleware\CsrfProtectionMiddleware.php:176
- C:\xampp_new\htdocs\inventario\vendor\cakephp\cakephp\src\Http\Runner.php:82
- C:\xampp_new\htdocs\inventario\vendor\cakephp\cakephp\src\Http\Middleware\BodyParserMiddleware.php:157
- C:\xampp_new\htdocs\inventario\vendor\cakephp\cakephp\src\Http\Runner.php:82
- C:\xampp_new\htdocs\inventario\vendor\cakephp\cakephp\src\Routing\Middleware\RoutingMiddleware.php:189
- C:\xampp_new\htdocs\inventario\vendor\cakephp\cakephp\src\Http\Runner.php:82
- C:\xampp_new\htdocs\inventario\vendor\cakephp\cakephp\src\Routing\Middleware\AssetMiddleware.php:68
- C:\xampp_new\htdocs\inventario\vendor\cakephp\cakephp\src\Http\Runner.php:82
- C:\xampp_new\htdocs\inventario\vendor\cakephp\cakephp\src\Error\Middleware\ErrorHandlerMiddleware.php:149
- C:\xampp_new\htdocs\inventario\vendor\cakephp\cakephp\src\Http\Runner.php:82
- C:\xampp_new\htdocs\inventario\vendor\cakephp\debug_kit\src\Middleware\DebugKitMiddleware.php:60
- C:\xampp_new\htdocs\inventario\vendor\cakephp\cakephp\src\Http\Runner.php:82
- C:\xampp_new\htdocs\inventario\vendor\cakephp\cakephp\src\Http\Runner.php:67
- C:\xampp_new\htdocs\inventario\vendor\cakephp\cakephp\src\Http\Server.php:99
- C:\xampp_new\htdocs\inventario\webroot\index.php:40
- [main]:

Request URL: /categorias
2025-11-09 15:41:00 error: [PDOException] SQLSTATE[42000]: Syntax error or access violation: 1066 Not unique table/alias: 'Categorias' in C:\xampp_new\htdocs\inventario\vendor\cakephp\cakephp\src\Database\Statement\MysqlStatement.php on line 39
Stack Trace:
- C:\xampp_new\htdocs\inventario\vendor\cakephp\cakephp\src\Database\Statement\MysqlStatement.php:39
- C:\xampp_new\htdocs\inventario\vendor\cakephp\cakephp\src\Database\Statement\StatementDecorator.php:191
- C:\xampp_new\htdocs\inventario\vendor\cakephp\cakephp\src\Database\Log\LoggingStatement.php:78
- C:\xampp_new\htdocs\inventario\vendor\cakephp\cakephp\src\Database\Connection.php:448
- C:\xampp_new\htdocs\inventario\vendor\cakephp\cakephp\src\Core\Retry\CommandRetry.php:70
- C:\xampp_new\htdocs\inventario\vendor\cakephp\cakephp\src\Database\Connection.php:451
- C:\xampp_new\htdocs\inventario\vendor\cakephp\cakephp\src\Database\Query.php:274
- C:\xampp_new\htdocs\inventario\vendor\cakephp\cakephp\src\ORM\Query.php:1167
- C:\xampp_new\htdocs\inventario\vendor\cakephp\cakephp\src\Datasource\QueryTrait.php:305
- C:\xampp_new\htdocs\inventario\vendor\cakephp\cakephp\src\ORM\Query.php:1115
- C:\xampp_new\htdocs\inventario\vendor\cakephp\cakephp\src\Datasource\Paging\NumericPaginator.php:193
- C:\xampp_new\htdocs\inventario\vendor\cakephp\cakephp\src\Controller\Controller.php:993
- C:\xampp_new\htdocs\inventario\src\Controller\CategoriasController.php:24
- C:\xampp_new\htdocs\inventario\vendor\cakephp\cakephp\src\Controller\Controller.php:560
- C:\xampp_new\htdocs\inventario\vendor\cakephp\cakephp\src\Controller\ControllerFactory.php:140
- C:\xampp_new\htdocs\inventario\vendor\cakephp\cakephp\src\Controller\ControllerFactory.php:115
- C:\xampp_new\htdocs\inventario\vendor\cakephp\cakephp\src\Http\BaseApplication.php:325
- C:\xampp_new\htdocs\inventario\vendor\cakephp\cakephp\src\Http\Runner.php:86
- C:\xampp_new\htdocs\inventario\vendor\cakephp\cakephp\src\Http\Middleware\CsrfProtectionMiddleware.php:176
- C:\xampp_new\htdocs\inventario\vendor\cakephp\cakephp\src\Http\Runner.php:82
- C:\xampp_new\htdocs\inventario\vendor\cakephp\cakephp\src\Http\Middleware\BodyParserMiddleware.php:157
- C:\xampp_new\htdocs\inventario\vendor\cakephp\cakephp\src\Http\Runner.php:82
- C:\xampp_new\htdocs\inventario\vendor\cakephp\cakephp\src\Routing\Middleware\RoutingMiddleware.php:189
- C:\xampp_new\htdocs\inventario\vendor\cakephp\cakephp\src\Http\Runner.php:82
- C:\xampp_new\htdocs\inventario\vendor\cakephp\cakephp\src\Routing\Middleware\AssetMiddleware.php:68
- C:\xampp_new\htdocs\inventario\vendor\cakephp\cakephp\src\Http\Runner.php:82
- C:\xampp_new\htdocs\inventario\vendor\cakephp\cakephp\src\Error\Middleware\ErrorHandlerMiddleware.php:149
- C:\xampp_new\htdocs\inventario\vendor\cakephp\cakephp\src\Http\Runner.php:82
- C:\xampp_new\htdocs\inventario\vendor\cakephp\debug_kit\src\Middleware\DebugKitMiddleware.php:60
- C:\xampp_new\htdocs\inventario\vendor\cakephp\cakephp\src\Http\Runner.php:82
- C:\xampp_new\htdocs\inventario\vendor\cakephp\cakephp\src\Http\Runner.php:67
- C:\xampp_new\htdocs\inventario\vendor\cakephp\cakephp\src\Http\Server.php:99
- C:\xampp_new\htdocs\inventario\webroot\index.php:40
- [main]:

Request URL: /categorias
2025-11-09 15:43:22 error: [InvalidArgumentException] The `Categorias` association is not defined on `Categorias`.
Valid associations are: Produtos in C:\xampp_new\htdocs\inventario\vendor\cakephp\cakephp\src\ORM\Table.php on line 935
Stack Trace:
- C:\xampp_new\htdocs\inventario\vendor\cakephp\cakephp\src\ORM\EagerLoader.php:490
- C:\xampp_new\htdocs\inventario\vendor\cakephp\cakephp\src\ORM\EagerLoader.php:315
- C:\xampp_new\htdocs\inventario\vendor\cakephp\cakephp\src\ORM\EagerLoader.php:446
- C:\xampp_new\htdocs\inventario\vendor\cakephp\cakephp\src\ORM\EagerLoader.php:417
- C:\xampp_new\htdocs\inventario\vendor\cakephp\cakephp\src\ORM\Query.php:1196
- C:\xampp_new\htdocs\inventario\vendor\cakephp\cakephp\src\ORM\Query.php:1146
- C:\xampp_new\htdocs\inventario\vendor\cakephp\cakephp\src\Database\Driver\Mysql.php:201
- C:\xampp_new\htdocs\inventario\vendor\cakephp\cakephp\src\Database\Connection.php:388
- C:\xampp_new\htdocs\inventario\vendor\cakephp\cakephp\src\Core\Retry\CommandRetry.php:70
- C:\xampp_new\htdocs\inventario\vendor\cakephp\cakephp\src\Database\Connection.php:395
- C:\xampp_new\htdocs\inventario\vendor\cakephp\cakephp\src\Database\Connection.php:446
- C:\xampp_new\htdocs\inventario\vendor\cakephp\cakephp\src\Core\Retry\CommandRetry.php:70
- C:\xampp_new\htdocs\inventario\vendor\cakephp\cakephp\src\Database\Connection.php:451
- C:\xampp_new\htdocs\inventario\vendor\cakephp\cakephp\src\Database\Query.php:274
- C:\xampp_new\htdocs\inventario\vendor\cakephp\cakephp\src\ORM\Query.php:1167
- C:\xampp_new\htdocs\inventario\vendor\cakephp\cakephp\src\Datasource\QueryTrait.php:305
- C:\xampp_new\htdocs\inventario\vendor\cakephp\cakephp\src\ORM\Query.php:1115
- C:\xampp_new\htdocs\inventario\vendor\cakephp\cakephp\src\Datasource\Paging\NumericPaginator.php:193
- C:\xampp_new\htdocs\inventario\vendor\cakephp\cakephp\src\Controller\Controller.php:993
- C:\xampp_new\htdocs\inventario\src\Controller\CategoriasController.php:24
- C:\xampp_new\htdocs\inventario\vendor\cakephp\cakephp\src\Controller\Controller.php:560
- C:\xampp_new\htdocs\inventario\vendor\cakephp\cakephp\src\Controller\ControllerFactory.php:140
- C:\xampp_new\htdocs\inventario\vendor\cakephp\cakephp\src\Controller\ControllerFactory.php:115
- C:\xampp_new\htdocs\inventario\vendor\cakephp\cakephp\src\Http\BaseApplication.php:325
- C:\xampp_new\htdocs\inventario\vendor\cakephp\cakephp\src\Http\Runner.php:86
- C:\xampp_new\htdocs\inventario\vendor\cakephp\cakephp\src\Http\Middleware\CsrfProtectionMiddleware.php:176
- C:\xampp_new\htdocs\inventario\vendor\cakephp\cakephp\src\Http\Runner.php:82
- C:\xampp_new\htdocs\inventario\vendor\cakephp\cakephp\src\Http\Middleware\BodyParserMiddleware.php:157
- C:\xampp_new\htdocs\inventario\vendor\cakephp\cakephp\src\Http\Runner.php:82
- C:\xampp_new\htdocs\inventario\vendor\cakephp\cakephp\src\Routing\Middleware\RoutingMiddleware.php:189
- C:\xampp_new\htdocs\inventario\vendor\cakephp\cakephp\src\Http\Runner.php:82
- C:\xampp_new\htdocs\inventario\vendor\cakephp\cakephp\src\Routing\Middleware\AssetMiddleware.php:68
- C:\xampp_new\htdocs\inventario\vendor\cakephp\cakephp\src\Http\Runner.php:82
- C:\xampp_new\htdocs\inventario\vendor\cakephp\cakephp\src\Error\Middleware\ErrorHandlerMiddleware.php:149
- C:\xampp_new\htdocs\inventario\vendor\cakephp\cakephp\src\Http\Runner.php:82
- C:\xampp_new\htdocs\inventario\vendor\cakephp\debug_kit\src\Middleware\DebugKitMiddleware.php:60
- C:\xampp_new\htdocs\inventario\vendor\cakephp\cakephp\src\Http\Runner.php:82
- C:\xampp_new\htdocs\inventario\vendor\cakephp\cakephp\src\Http\Runner.php:67
- C:\xampp_new\htdocs\inventario\vendor\cakephp\cakephp\src\Http\Server.php:99
- C:\xampp_new\htdocs\inventario\webroot\index.php:40
- [main]:

Request URL: /categorias
2025-11-09 15:43:25 error: [InvalidArgumentException] The `Categorias` association is not defined on `Categorias`.
Valid associations are: Produtos in C:\xampp_new\htdocs\inventario\vendor\cakephp\cakephp\src\ORM\Table.php on line 935
Stack Trace:
- C:\xampp_new\htdocs\inventario\vendor\cakephp\cakephp\src\ORM\EagerLoader.php:490
- C:\xampp_new\htdocs\inventario\vendor\cakephp\cakephp\src\ORM\EagerLoader.php:315
- C:\xampp_new\htdocs\inventario\vendor\cakephp\cakephp\src\ORM\EagerLoader.php:446
- C:\xampp_new\htdocs\inventario\vendor\cakephp\cakephp\src\ORM\EagerLoader.php:417
- C:\xampp_new\htdocs\inventario\vendor\cakephp\cakephp\src\ORM\Query.php:1196
- C:\xampp_new\htdocs\inventario\vendor\cakephp\cakephp\src\ORM\Query.php:1146
- C:\xampp_new\htdocs\inventario\vendor\cakephp\cakephp\src\Database\Driver\Mysql.php:201
- C:\xampp_new\htdocs\inventario\vendor\cakephp\cakephp\src\Database\Connection.php:388
- C:\xampp_new\htdocs\inventario\vendor\cakephp\cakephp\src\Core\Retry\CommandRetry.php:70
- C:\xampp_new\htdocs\inventario\vendor\cakephp\cakephp\src\Database\Connection.php:395
- C:\xampp_new\htdocs\inventario\vendor\cakephp\cakephp\src\Database\Connection.php:446
- C:\xampp_new\htdocs\inventario\vendor\cakephp\cakephp\src\Core\Retry\CommandRetry.php:70
- C:\xampp_new\htdocs\inventario\vendor\cakephp\cakephp\src\Database\Connection.php:451
- C:\xampp_new\htdocs\inventario\vendor\cakephp\cakephp\src\Database\Query.php:274
- C:\xampp_new\htdocs\inventario\vendor\cakephp\cakephp\src\ORM\Query.php:1167
- C:\xampp_new\htdocs\inventario\vendor\cakephp\cakephp\src\Datasource\QueryTrait.php:305
- C:\xampp_new\htdocs\inventario\vendor\cakephp\cakephp\src\ORM\Query.php:1115
- C:\xampp_new\htdocs\inventario\vendor\cakephp\cakephp\src\Datasource\Paging\NumericPaginator.php:193
- C:\xampp_new\htdocs\inventario\vendor\cakephp\cakephp\src\Controller\Controller.php:993
- C:\xampp_new\htdocs\inventario\src\Controller\CategoriasController.php:24
- C:\xampp_new\htdocs\inventario\vendor\cakephp\cakephp\src\Controller\Controller.php:560
- C:\xampp_new\htdocs\inventario\vendor\cakephp\cakephp\src\Controller\ControllerFactory.php:140
- C:\xampp_new\htdocs\inventario\vendor\cakephp\cakephp\src\Controller\ControllerFactory.php:115
- C:\xampp_new\htdocs\inventario\vendor\cakephp\cakephp\src\Http\BaseApplication.php:325
- C:\xampp_new\htdocs\inventario\vendor\cakephp\cakephp\src\Http\Runner.php:86
- C:\xampp_new\htdocs\inventario\vendor\cakephp\cakephp\src\Http\Middleware\CsrfProtectionMiddleware.php:176
- C:\xampp_new\htdocs\inventario\vendor\cakephp\cakephp\src\Http\Runner.php:82
- C:\xampp_new\htdocs\inventario\vendor\cakephp\cakephp\src\Http\Middleware\BodyParserMiddleware.php:157
- C:\xampp_new\htdocs\inventario\vendor\cakephp\cakephp\src\Http\Runner.php:82
- C:\xampp_new\htdocs\inventario\vendor\cakephp\cakephp\src\Routing\Middleware\RoutingMiddleware.php:189
- C:\xampp_new\htdocs\inventario\vendor\cakephp\cakephp\src\Http\Runner.php:82
- C:\xampp_new\htdocs\inventario\vendor\cakephp\cakephp\src\Routing\Middleware\AssetMiddleware.php:68
- C:\xampp_new\htdocs\inventario\vendor\cakephp\cakephp\src\Http\Runner.php:82
- C:\xampp_new\htdocs\inventario\vendor\cakephp\cakephp\src\Error\Middleware\ErrorHandlerMiddleware.php:149
- C:\xampp_new\htdocs\inventario\vendor\cakephp\cakephp\src\Http\Runner.php:82
- C:\xampp_new\htdocs\inventario\vendor\cakephp\debug_kit\src\Middleware\DebugKitMiddleware.php:60
- C:\xampp_new\htdocs\inventario\vendor\cakephp\cakephp\src\Http\Runner.php:82
- C:\xampp_new\htdocs\inventario\vendor\cakephp\cakephp\src\Http\Runner.php:67
- C:\xampp_new\htdocs\inventario\vendor\cakephp\cakephp\src\Http\Server.php:99
- C:\xampp_new\htdocs\inventario\webroot\index.php:40
- [main]:

Request URL: /categorias
2025-11-09 15:46:04 error: [InvalidArgumentException] The `Categorias` association is not defined on `Categorias`.
Valid associations are: Produtos in C:\xampp_new\htdocs\inventario\vendor\cakephp\cakephp\src\ORM\Table.php on line 935
Stack Trace:
- C:\xampp_new\htdocs\inventario\vendor\cakephp\cakephp\src\ORM\EagerLoader.php:490
- C:\xampp_new\htdocs\inventario\vendor\cakephp\cakephp\src\ORM\EagerLoader.php:315
- C:\xampp_new\htdocs\inventario\vendor\cakephp\cakephp\src\ORM\EagerLoader.php:446
- C:\xampp_new\htdocs\inventario\vendor\cakephp\cakephp\src\ORM\EagerLoader.php:417
- C:\xampp_new\htdocs\inventario\vendor\cakephp\cakephp\src\ORM\Query.php:1196
- C:\xampp_new\htdocs\inventario\vendor\cakephp\cakephp\src\ORM\Query.php:1146
- C:\xampp_new\htdocs\inventario\vendor\cakephp\cakephp\src\Database\Driver\Mysql.php:201
- C:\xampp_new\htdocs\inventario\vendor\cakephp\cakephp\src\Database\Connection.php:388
- C:\xampp_new\htdocs\inventario\vendor\cakephp\cakephp\src\Core\Retry\CommandRetry.php:70
- C:\xampp_new\htdocs\inventario\vendor\cakephp\cakephp\src\Database\Connection.php:395
- C:\xampp_new\htdocs\inventario\vendor\cakephp\cakephp\src\Database\Connection.php:446
- C:\xampp_new\htdocs\inventario\vendor\cakephp\cakephp\src\Core\Retry\CommandRetry.php:70
- C:\xampp_new\htdocs\inventario\vendor\cakephp\cakephp\src\Database\Connection.php:451
- C:\xampp_new\htdocs\inventario\vendor\cakephp\cakephp\src\Database\Query.php:274
- C:\xampp_new\htdocs\inventario\vendor\cakephp\cakephp\src\ORM\Query.php:1167
- C:\xampp_new\htdocs\inventario\vendor\cakephp\cakephp\src\Datasource\QueryTrait.php:305
- C:\xampp_new\htdocs\inventario\vendor\cakephp\cakephp\src\ORM\Query.php:1115
- C:\xampp_new\htdocs\inventario\vendor\cakephp\cakephp\src\Datasource\Paging\NumericPaginator.php:193
- C:\xampp_new\htdocs\inventario\vendor\cakephp\cakephp\src\Controller\Controller.php:993
- C:\xampp_new\htdocs\inventario\src\Controller\CategoriasController.php:24
- C:\xampp_new\htdocs\inventario\vendor\cakephp\cakephp\src\Controller\Controller.php:560
- C:\xampp_new\htdocs\inventario\vendor\cakephp\cakephp\src\Controller\ControllerFactory.php:140
- C:\xampp_new\htdocs\inventario\vendor\cakephp\cakephp\src\Controller\ControllerFactory.php:115
- C:\xampp_new\htdocs\inventario\vendor\cakephp\cakephp\src\Http\BaseApplication.php:325
- C:\xampp_new\htdocs\inventario\vendor\cakephp\cakephp\src\Http\Runner.php:86
- C:\xampp_new\htdocs\inventario\vendor\cakephp\cakephp\src\Http\Middleware\CsrfProtectionMiddleware.php:176
- C:\xampp_new\htdocs\inventario\vendor\cakephp\cakephp\src\Http\Runner.php:82
- C:\xampp_new\htdocs\inventario\vendor\cakephp\cakephp\src\Http\Middleware\BodyParserMiddleware.php:157
- C:\xampp_new\htdocs\inventario\vendor\cakephp\cakephp\src\Http\Runner.php:82
- C:\xampp_new\htdocs\inventario\vendor\cakephp\cakephp\src\Routing\Middleware\RoutingMiddleware.php:189
- C:\xampp_new\htdocs\inventario\vendor\cakephp\cakephp\src\Http\Runner.php:82
- C:\xampp_new\htdocs\inventario\vendor\cakephp\cakephp\src\Routing\Middleware\AssetMiddleware.php:68
- C:\xampp_new\htdocs\inventario\vendor\cakephp\cakephp\src\Http\Runner.php:82
- C:\xampp_new\htdocs\inventario\vendor\cakephp\cakephp\src\Error\Middleware\ErrorHandlerMiddleware.php:149
- C:\xampp_new\htdocs\inventario\vendor\cakephp\cakephp\src\Http\Runner.php:82
- C:\xampp_new\htdocs\inventario\vendor\cakephp\debug_kit\src\Middleware\DebugKitMiddleware.php:60
- C:\xampp_new\htdocs\inventario\vendor\cakephp\cakephp\src\Http\Runner.php:82
- C:\xampp_new\htdocs\inventario\vendor\cakephp\cakephp\src\Http\Runner.php:67
- C:\xampp_new\htdocs\inventario\vendor\cakephp\cakephp\src\Http\Server.php:99
- C:\xampp_new\htdocs\inventario\webroot\index.php:40
- [main]:

Request URL: /categorias
2025-11-09 15:56:32 error: [InvalidArgumentException] The `Categorias` association is not defined on `Categorias`.
Valid associations are: Produtos in C:\xampp_new\htdocs\inventario\vendor\cakephp\cakephp\src\ORM\Table.php on line 935
Stack Trace:
- C:\xampp_new\htdocs\inventario\vendor\cakephp\cakephp\src\ORM\EagerLoader.php:490
- C:\xampp_new\htdocs\inventario\vendor\cakephp\cakephp\src\ORM\EagerLoader.php:315
- C:\xampp_new\htdocs\inventario\vendor\cakephp\cakephp\src\ORM\EagerLoader.php:446
- C:\xampp_new\htdocs\inventario\vendor\cakephp\cakephp\src\ORM\EagerLoader.php:417
- C:\xampp_new\htdocs\inventario\vendor\cakephp\cakephp\src\ORM\Query.php:1196
- C:\xampp_new\htdocs\inventario\vendor\cakephp\cakephp\src\ORM\Query.php:1146
- C:\xampp_new\htdocs\inventario\vendor\cakephp\cakephp\src\Database\Driver\Mysql.php:201
- C:\xampp_new\htdocs\inventario\vendor\cakephp\cakephp\src\Database\Connection.php:388
- C:\xampp_new\htdocs\inventario\vendor\cakephp\cakephp\src\Core\Retry\CommandRetry.php:70
- C:\xampp_new\htdocs\inventario\vendor\cakephp\cakephp\src\Database\Connection.php:395
- C:\xampp_new\htdocs\inventario\vendor\cakephp\cakephp\src\Database\Connection.php:446
- C:\xampp_new\htdocs\inventario\vendor\cakephp\cakephp\src\Core\Retry\CommandRetry.php:70
- C:\xampp_new\htdocs\inventario\vendor\cakephp\cakephp\src\Database\Connection.php:451
- C:\xampp_new\htdocs\inventario\vendor\cakephp\cakephp\src\Database\Query.php:274
- C:\xampp_new\htdocs\inventario\vendor\cakephp\cakephp\src\ORM\Query.php:1167
- C:\xampp_new\htdocs\inventario\vendor\cakephp\cakephp\src\Datasource\QueryTrait.php:305
- C:\xampp_new\htdocs\inventario\vendor\cakephp\cakephp\src\ORM\Query.php:1115
- C:\xampp_new\htdocs\inventario\vendor\cakephp\cakephp\src\Datasource\Paging\NumericPaginator.php:193
- C:\xampp_new\htdocs\inventario\vendor\cakephp\cakephp\src\Controller\Controller.php:993
- C:\xampp_new\htdocs\inventario\src\Controller\CategoriasController.php:24
- C:\xampp_new\htdocs\inventario\vendor\cakephp\cakephp\src\Controller\Controller.php:560
- C:\xampp_new\htdocs\inventario\vendor\cakephp\cakephp\src\Controller\ControllerFactory.php:140
- C:\xampp_new\htdocs\inventario\vendor\cakephp\cakephp\src\Controller\ControllerFactory.php:115
- C:\xampp_new\htdocs\inventario\vendor\cakephp\cakephp\src\Http\BaseApplication.php:325
- C:\xampp_new\htdocs\inventario\vendor\cakephp\cakephp\src\Http\Runner.php:86
- C:\xampp_new\htdocs\inventario\vendor\cakephp\cakephp\src\Http\Middleware\CsrfProtectionMiddleware.php:176
- C:\xampp_new\htdocs\inventario\vendor\cakephp\cakephp\src\Http\Runner.php:82
- C:\xampp_new\htdocs\inventario\vendor\cakephp\cakephp\src\Http\Middleware\BodyParserMiddleware.php:157
- C:\xampp_new\htdocs\inventario\vendor\cakephp\cakephp\src\Http\Runner.php:82
- C:\xampp_new\htdocs\inventario\vendor\cakephp\cakephp\src\Routing\Middleware\RoutingMiddleware.php:189
- C:\xampp_new\htdocs\inventario\vendor\cakephp\cakephp\src\Http\Runner.php:82
- C:\xampp_new\htdocs\inventario\vendor\cakephp\cakephp\src\Routing\Middleware\AssetMiddleware.php:68
- C:\xampp_new\htdocs\inventario\vendor\cakephp\cakephp\src\Http\Runner.php:82
- C:\xampp_new\htdocs\inventario\vendor\cakephp\cakephp\src\Error\Middleware\ErrorHandlerMiddleware.php:149
- C:\xampp_new\htdocs\inventario\vendor\cakephp\cakephp\src\Http\Runner.php:82
- C:\xampp_new\htdocs\inventario\vendor\cakephp\debug_kit\src\Middleware\DebugKitMiddleware.php:60
- C:\xampp_new\htdocs\inventario\vendor\cakephp\cakephp\src\Http\Runner.php:82
- C:\xampp_new\htdocs\inventario\vendor\cakephp\cakephp\src\Http\Runner.php:67
- C:\xampp_new\htdocs\inventario\vendor\cakephp\cakephp\src\Http\Server.php:99
- C:\xampp_new\htdocs\inventario\webroot\index.php:40
- [main]:

Request URL: /categorias
2025-11-09 15:56:46 error: [InvalidArgumentException] The `Categorias` association is not defined on `Categorias`.
Valid associations are: Produtos in C:\xampp_new\htdocs\inventario\vendor\cakephp\cakephp\src\ORM\Table.php on line 935
Stack Trace:
- C:\xampp_new\htdocs\inventario\vendor\cakephp\cakephp\src\ORM\EagerLoader.php:490
- C:\xampp_new\htdocs\inventario\vendor\cakephp\cakephp\src\ORM\EagerLoader.php:315
- C:\xampp_new\htdocs\inventario\vendor\cakephp\cakephp\src\ORM\EagerLoader.php:446
- C:\xampp_new\htdocs\inventario\vendor\cakephp\cakephp\src\ORM\EagerLoader.php:417
- C:\xampp_new\htdocs\inventario\vendor\cakephp\cakephp\src\ORM\Query.php:1196
- C:\xampp_new\htdocs\inventario\vendor\cakephp\cakephp\src\ORM\Query.php:1146
- C:\xampp_new\htdocs\inventario\vendor\cakephp\cakephp\src\Database\Driver\Mysql.php:201
- C:\xampp_new\htdocs\inventario\vendor\cakephp\cakephp\src\Database\Connection.php:388
- C:\xampp_new\htdocs\inventario\vendor\cakephp\cakephp\src\Core\Retry\CommandRetry.php:70
- C:\xampp_new\htdocs\inventario\vendor\cakephp\cakephp\src\Database\Connection.php:395
- C:\xampp_new\htdocs\inventario\vendor\cakephp\cakephp\src\Database\Connection.php:446
- C:\xampp_new\htdocs\inventario\vendor\cakephp\cakephp\src\Core\Retry\CommandRetry.php:70
- C:\xampp_new\htdocs\inventario\vendor\cakephp\cakephp\src\Database\Connection.php:451
- C:\xampp_new\htdocs\inventario\vendor\cakephp\cakephp\src\Database\Query.php:274
- C:\xampp_new\htdocs\inventario\vendor\cakephp\cakephp\src\ORM\Query.php:1167
- C:\xampp_new\htdocs\inventario\vendor\cakephp\cakephp\src\Datasource\QueryTrait.php:305
- C:\xampp_new\htdocs\inventario\vendor\cakephp\cakephp\src\ORM\Query.php:1115
- C:\xampp_new\htdocs\inventario\vendor\cakephp\cakephp\src\Datasource\Paging\NumericPaginator.php:193
- C:\xampp_new\htdocs\inventario\vendor\cakephp\cakephp\src\Controller\Controller.php:993
- C:\xampp_new\htdocs\inventario\src\Controller\CategoriasController.php:24
- C:\xampp_new\htdocs\inventario\vendor\cakephp\cakephp\src\Controller\Controller.php:560
- C:\xampp_new\htdocs\inventario\vendor\cakephp\cakephp\src\Controller\ControllerFactory.php:140
- C:\xampp_new\htdocs\inventario\vendor\cakephp\cakephp\src\Controller\ControllerFactory.php:115
- C:\xampp_new\htdocs\inventario\vendor\cakephp\cakephp\src\Http\BaseApplication.php:325
- C:\xampp_new\htdocs\inventario\vendor\cakephp\cakephp\src\Http\Runner.php:86
- C:\xampp_new\htdocs\inventario\vendor\cakephp\cakephp\src\Http\Middleware\CsrfProtectionMiddleware.php:176
- C:\xampp_new\htdocs\inventario\vendor\cakephp\cakephp\src\Http\Runner.php:82
- C:\xampp_new\htdocs\inventario\vendor\cakephp\cakephp\src\Http\Middleware\BodyParserMiddleware.php:157
- C:\xampp_new\htdocs\inventario\vendor\cakephp\cakephp\src\Http\Runner.php:82
- C:\xampp_new\htdocs\inventario\vendor\cakephp\cakephp\src\Routing\Middleware\RoutingMiddleware.php:189
- C:\xampp_new\htdocs\inventario\vendor\cakephp\cakephp\src\Http\Runner.php:82
- C:\xampp_new\htdocs\inventario\vendor\cakephp\cakephp\src\Routing\Middleware\AssetMiddleware.php:68
- C:\xampp_new\htdocs\inventario\vendor\cakephp\cakephp\src\Http\Runner.php:82
- C:\xampp_new\htdocs\inventario\vendor\cakephp\cakephp\src\Error\Middleware\ErrorHandlerMiddleware.php:149
- C:\xampp_new\htdocs\inventario\vendor\cakephp\cakephp\src\Http\Runner.php:82
- C:\xampp_new\htdocs\inventario\vendor\cakephp\debug_kit\src\Middleware\DebugKitMiddleware.php:60
- C:\xampp_new\htdocs\inventario\vendor\cakephp\cakephp\src\Http\Runner.php:82
- C:\xampp_new\htdocs\inventario\vendor\cakephp\cakephp\src\Http\Runner.php:67
- C:\xampp_new\htdocs\inventario\vendor\cakephp\cakephp\src\Http\Server.php:99
- C:\xampp_new\htdocs\inventario\webroot\index.php:40
- [main]:

Request URL: /categorias
2025-11-09 15:59:55 error: [InvalidArgumentException] The `Categorias` association is not defined on `Categorias`.
Valid associations are: Produtos in C:\xampp_new\htdocs\inventario\vendor\cakephp\cakephp\src\ORM\Table.php on line 935
Stack Trace:
- C:\xampp_new\htdocs\inventario\vendor\cakephp\cakephp\src\ORM\EagerLoader.php:490
- C:\xampp_new\htdocs\inventario\vendor\cakephp\cakephp\src\ORM\EagerLoader.php:315
- C:\xampp_new\htdocs\inventario\vendor\cakephp\cakephp\src\ORM\EagerLoader.php:446
- C:\xampp_new\htdocs\inventario\vendor\cakephp\cakephp\src\ORM\EagerLoader.php:417
- C:\xampp_new\htdocs\inventario\vendor\cakephp\cakephp\src\ORM\Query.php:1196
- C:\xampp_new\htdocs\inventario\vendor\cakephp\cakephp\src\ORM\Query.php:1146
- C:\xampp_new\htdocs\inventario\vendor\cakephp\cakephp\src\Database\Driver\Mysql.php:201
- C:\xampp_new\htdocs\inventario\vendor\cakephp\cakephp\src\Database\Connection.php:388
- C:\xampp_new\htdocs\inventario\vendor\cakephp\cakephp\src\Core\Retry\CommandRetry.php:70
- C:\xampp_new\htdocs\inventario\vendor\cakephp\cakephp\src\Database\Connection.php:395
- C:\xampp_new\htdocs\inventario\vendor\cakephp\cakephp\src\Database\Connection.php:446
- C:\xampp_new\htdocs\inventario\vendor\cakephp\cakephp\src\Core\Retry\CommandRetry.php:70
- C:\xampp_new\htdocs\inventario\vendor\cakephp\cakephp\src\Database\Connection.php:451
- C:\xampp_new\htdocs\inventario\vendor\cakephp\cakephp\src\Database\Query.php:274
- C:\xampp_new\htdocs\inventario\vendor\cakephp\cakephp\src\ORM\Query.php:1167
- C:\xampp_new\htdocs\inventario\vendor\cakephp\cakephp\src\Datasource\QueryTrait.php:305
- C:\xampp_new\htdocs\inventario\vendor\cakephp\cakephp\src\ORM\Query.php:1115
- C:\xampp_new\htdocs\inventario\vendor\cakephp\cakephp\src\Datasource\Paging\NumericPaginator.php:193
- C:\xampp_new\htdocs\inventario\vendor\cakephp\cakephp\src\Controller\Controller.php:993
- C:\xampp_new\htdocs\inventario\src\Controller\CategoriasController.php:24
- C:\xampp_new\htdocs\inventario\vendor\cakephp\cakephp\src\Controller\Controller.php:560
- C:\xampp_new\htdocs\inventario\vendor\cakephp\cakephp\src\Controller\ControllerFactory.php:140
- C:\xampp_new\htdocs\inventario\vendor\cakephp\cakephp\src\Controller\ControllerFactory.php:115
- C:\xampp_new\htdocs\inventario\vendor\cakephp\cakephp\src\Http\BaseApplication.php:325
- C:\xampp_new\htdocs\inventario\vendor\cakephp\cakephp\src\Http\Runner.php:86
- C:\xampp_new\htdocs\inventario\vendor\cakephp\cakephp\src\Http\Middleware\CsrfProtectionMiddleware.php:176
- C:\xampp_new\htdocs\inventario\vendor\cakephp\cakephp\src\Http\Runner.php:82
- C:\xampp_new\htdocs\inventario\vendor\cakephp\cakephp\src\Http\Middleware\BodyParserMiddleware.php:157
- C:\xampp_new\htdocs\inventario\vendor\cakephp\cakephp\src\Http\Runner.php:82
- C:\xampp_new\htdocs\inventario\vendor\cakephp\cakephp\src\Routing\Middleware\RoutingMiddleware.php:189
- C:\xampp_new\htdocs\inventario\vendor\cakephp\cakephp\src\Http\Runner.php:82
- C:\xampp_new\htdocs\inventario\vendor\cakephp\cakephp\src\Routing\Middleware\AssetMiddleware.php:68
- C:\xampp_new\htdocs\inventario\vendor\cakephp\cakephp\src\Http\Runner.php:82
- C:\xampp_new\htdocs\inventario\vendor\cakephp\cakephp\src\Error\Middleware\ErrorHandlerMiddleware.php:149
- C:\xampp_new\htdocs\inventario\vendor\cakephp\cakephp\src\Http\Runner.php:82
- C:\xampp_new\htdocs\inventario\vendor\cakephp\debug_kit\src\Middleware\DebugKitMiddleware.php:60
- C:\xampp_new\htdocs\inventario\vendor\cakephp\cakephp\src\Http\Runner.php:82
- C:\xampp_new\htdocs\inventario\vendor\cakephp\cakephp\src\Http\Runner.php:67
- C:\xampp_new\htdocs\inventario\vendor\cakephp\cakephp\src\Http\Server.php:99
- C:\xampp_new\htdocs\inventario\webroot\index.php:40
- [main]:

Request URL: /Categorias
2025-11-09 16:00:07 error: [InvalidArgumentException] The `Categorias` association is not defined on `Categorias`.
Valid associations are: Produtos in C:\xampp_new\htdocs\inventario\vendor\cakephp\cakephp\src\ORM\Table.php on line 935
Stack Trace:
- C:\xampp_new\htdocs\inventario\vendor\cakephp\cakephp\src\ORM\EagerLoader.php:490
- C:\xampp_new\htdocs\inventario\vendor\cakephp\cakephp\src\ORM\EagerLoader.php:315
- C:\xampp_new\htdocs\inventario\vendor\cakephp\cakephp\src\ORM\EagerLoader.php:446
- C:\xampp_new\htdocs\inventario\vendor\cakephp\cakephp\src\ORM\EagerLoader.php:417
- C:\xampp_new\htdocs\inventario\vendor\cakephp\cakephp\src\ORM\Query.php:1196
- C:\xampp_new\htdocs\inventario\vendor\cakephp\cakephp\src\ORM\Query.php:1146
- C:\xampp_new\htdocs\inventario\vendor\cakephp\cakephp\src\Database\Driver\Mysql.php:201
- C:\xampp_new\htdocs\inventario\vendor\cakephp\cakephp\src\Database\Connection.php:388
- C:\xampp_new\htdocs\inventario\vendor\cakephp\cakephp\src\Core\Retry\CommandRetry.php:70
- C:\xampp_new\htdocs\inventario\vendor\cakephp\cakephp\src\Database\Connection.php:395
- C:\xampp_new\htdocs\inventario\vendor\cakephp\cakephp\src\Database\Connection.php:446
- C:\xampp_new\htdocs\inventario\vendor\cakephp\cakephp\src\Core\Retry\CommandRetry.php:70
- C:\xampp_new\htdocs\inventario\vendor\cakephp\cakephp\src\Database\Connection.php:451
- C:\xampp_new\htdocs\inventario\vendor\cakephp\cakephp\src\Database\Query.php:274
- C:\xampp_new\htdocs\inventario\vendor\cakephp\cakephp\src\ORM\Query.php:1167
- C:\xampp_new\htdocs\inventario\vendor\cakephp\cakephp\src\Datasource\QueryTrait.php:305
- C:\xampp_new\htdocs\inventario\vendor\cakephp\cakephp\src\ORM\Query.php:1115
- C:\xampp_new\htdocs\inventario\vendor\cakephp\cakephp\src\Datasource\Paging\NumericPaginator.php:193
- C:\xampp_new\htdocs\inventario\vendor\cakephp\cakephp\src\Controller\Controller.php:993
- C:\xampp_new\htdocs\inventario\src\Controller\CategoriasController.php:24
- C:\xampp_new\htdocs\inventario\vendor\cakephp\cakephp\src\Controller\Controller.php:560
- C:\xampp_new\htdocs\inventario\vendor\cakephp\cakephp\src\Controller\ControllerFactory.php:140
- C:\xampp_new\htdocs\inventario\vendor\cakephp\cakephp\src\Controller\ControllerFactory.php:115
- C:\xampp_new\htdocs\inventario\vendor\cakephp\cakephp\src\Http\BaseApplication.php:325
- C:\xampp_new\htdocs\inventario\vendor\cakephp\cakephp\src\Http\Runner.php:86
- C:\xampp_new\htdocs\inventario\vendor\cakephp\cakephp\src\Http\Middleware\CsrfProtectionMiddleware.php:176
- C:\xampp_new\htdocs\inventario\vendor\cakephp\cakephp\src\Http\Runner.php:82
- C:\xampp_new\htdocs\inventario\vendor\cakephp\cakephp\src\Http\Middleware\BodyParserMiddleware.php:157
- C:\xampp_new\htdocs\inventario\vendor\cakephp\cakephp\src\Http\Runner.php:82
- C:\xampp_new\htdocs\inventario\vendor\cakephp\cakephp\src\Routing\Middleware\RoutingMiddleware.php:189
- C:\xampp_new\htdocs\inventario\vendor\cakephp\cakephp\src\Http\Runner.php:82
- C:\xampp_new\htdocs\inventario\vendor\cakephp\cakephp\src\Routing\Middleware\AssetMiddleware.php:68
- C:\xampp_new\htdocs\inventario\vendor\cakephp\cakephp\src\Http\Runner.php:82
- C:\xampp_new\htdocs\inventario\vendor\cakephp\cakephp\src\Error\Middleware\ErrorHandlerMiddleware.php:149
- C:\xampp_new\htdocs\inventario\vendor\cakephp\cakephp\src\Http\Runner.php:82
- C:\xampp_new\htdocs\inventario\vendor\cakephp\debug_kit\src\Middleware\DebugKitMiddleware.php:60
- C:\xampp_new\htdocs\inventario\vendor\cakephp\cakephp\src\Http\Runner.php:82
- C:\xampp_new\htdocs\inventario\vendor\cakephp\cakephp\src\Http\Runner.php:67
- C:\xampp_new\htdocs\inventario\vendor\cakephp\cakephp\src\Http\Server.php:99
- C:\xampp_new\htdocs\inventario\webroot\index.php:40
- [main]:

Request URL: /categorias
2025-11-09 16:03:01 error: [InvalidArgumentException] The `Categorias` association is not defined on `Categorias`.
Valid associations are: Produtos in C:\xampp_new\htdocs\inventario\vendor\cakephp\cakephp\src\ORM\Table.php on line 935
Stack Trace:
- C:\xampp_new\htdocs\inventario\vendor\cakephp\cakephp\src\ORM\EagerLoader.php:490
- C:\xampp_new\htdocs\inventario\vendor\cakephp\cakephp\src\ORM\EagerLoader.php:315
- C:\xampp_new\htdocs\inventario\vendor\cakephp\cakephp\src\ORM\EagerLoader.php:446
- C:\xampp_new\htdocs\inventario\vendor\cakephp\cakephp\src\ORM\EagerLoader.php:417
- C:\xampp_new\htdocs\inventario\vendor\cakephp\cakephp\src\ORM\Query.php:1196
- C:\xampp_new\htdocs\inventario\vendor\cakephp\cakephp\src\ORM\Query.php:1146
- C:\xampp_new\htdocs\inventario\vendor\cakephp\cakephp\src\Database\Driver\Mysql.php:201
- C:\xampp_new\htdocs\inventario\vendor\cakephp\cakephp\src\Database\Connection.php:388
- C:\xampp_new\htdocs\inventario\vendor\cakephp\cakephp\src\Core\Retry\CommandRetry.php:70
- C:\xampp_new\htdocs\inventario\vendor\cakephp\cakephp\src\Database\Connection.php:395
- C:\xampp_new\htdocs\inventario\vendor\cakephp\cakephp\src\Database\Connection.php:446
- C:\xampp_new\htdocs\inventario\vendor\cakephp\cakephp\src\Core\Retry\CommandRetry.php:70
- C:\xampp_new\htdocs\inventario\vendor\cakephp\cakephp\src\Database\Connection.php:451
- C:\xampp_new\htdocs\inventario\vendor\cakephp\cakephp\src\Database\Query.php:274
- C:\xampp_new\htdocs\inventario\vendor\cakephp\cakephp\src\ORM\Query.php:1167
- C:\xampp_new\htdocs\inventario\vendor\cakephp\cakephp\src\Datasource\QueryTrait.php:305
- C:\xampp_new\htdocs\inventario\vendor\cakephp\cakephp\src\ORM\Query.php:1115
- C:\xampp_new\htdocs\inventario\vendor\cakephp\cakephp\src\Datasource\Paging\NumericPaginator.php:193
- C:\xampp_new\htdocs\inventario\vendor\cakephp\cakephp\src\Controller\Controller.php:993
- C:\xampp_new\htdocs\inventario\src\Controller\CategoriasController.php:24
- C:\xampp_new\htdocs\inventario\vendor\cakephp\cakephp\src\Controller\Controller.php:560
- C:\xampp_new\htdocs\inventario\vendor\cakephp\cakephp\src\Controller\ControllerFactory.php:140
- C:\xampp_new\htdocs\inventario\vendor\cakephp\cakephp\src\Controller\ControllerFactory.php:115
- C:\xampp_new\htdocs\inventario\vendor\cakephp\cakephp\src\Http\BaseApplication.php:325
- C:\xampp_new\htdocs\inventario\vendor\cakephp\cakephp\src\Http\Runner.php:86
- C:\xampp_new\htdocs\inventario\vendor\cakephp\cakephp\src\Http\Middleware\CsrfProtectionMiddleware.php:176
- C:\xampp_new\htdocs\inventario\vendor\cakephp\cakephp\src\Http\Runner.php:82
- C:\xampp_new\htdocs\inventario\vendor\cakephp\cakephp\src\Http\Middleware\BodyParserMiddleware.php:157
- C:\xampp_new\htdocs\inventario\vendor\cakephp\cakephp\src\Http\Runner.php:82
- C:\xampp_new\htdocs\inventario\vendor\cakephp\cakephp\src\Routing\Middleware\RoutingMiddleware.php:189
- C:\xampp_new\htdocs\inventario\vendor\cakephp\cakephp\src\Http\Runner.php:82
- C:\xampp_new\htdocs\inventario\vendor\cakephp\cakephp\src\Routing\Middleware\AssetMiddleware.php:68
- C:\xampp_new\htdocs\inventario\vendor\cakephp\cakephp\src\Http\Runner.php:82
- C:\xampp_new\htdocs\inventario\vendor\cakephp\cakephp\src\Error\Middleware\ErrorHandlerMiddleware.php:149
- C:\xampp_new\htdocs\inventario\vendor\cakephp\cakephp\src\Http\Runner.php:82
- C:\xampp_new\htdocs\inventario\vendor\cakephp\debug_kit\src\Middleware\DebugKitMiddleware.php:60
- C:\xampp_new\htdocs\inventario\vendor\cakephp\cakephp\src\Http\Runner.php:82
- C:\xampp_new\htdocs\inventario\vendor\cakephp\cakephp\src\Http\Runner.php:67
- C:\xampp_new\htdocs\inventario\vendor\cakephp\cakephp\src\Http\Server.php:99
- C:\xampp_new\htdocs\inventario\webroot\index.php:40
- [main]:

Request URL: /categorias
2025-11-09 16:55:26 error: [Cake\Http\Exception\MissingControllerException] Controller class Inventario could not be found. in C:\xampp_new\htdocs\inventario\vendor\cakephp\cakephp\src\Controller\ControllerFactory.php on line 338
Exception Attributes: array (
  'controller' => 'Inventario',
  'plugin' => NULL,
  'prefix' => NULL,
  '_ext' => NULL,
  'class' => 'Inventario',
)
Stack Trace:
- C:\xampp_new\htdocs\inventario\vendor\cakephp\cakephp\src\Controller\ControllerFactory.php:75
- C:\xampp_new\htdocs\inventario\vendor\cakephp\cakephp\src\Http\BaseApplication.php:320
- C:\xampp_new\htdocs\inventario\vendor\cakephp\cakephp\src\Http\Runner.php:86
- C:\xampp_new\htdocs\inventario\vendor\cakephp\cakephp\src\Http\Middleware\CsrfProtectionMiddleware.php:176
- C:\xampp_new\htdocs\inventario\vendor\cakephp\cakephp\src\Http\Runner.php:82
- C:\xampp_new\htdocs\inventario\vendor\cakephp\cakephp\src\Http\Middleware\BodyParserMiddleware.php:157
- C:\xampp_new\htdocs\inventario\vendor\cakephp\cakephp\src\Http\Runner.php:82
- C:\xampp_new\htdocs\inventario\vendor\cakephp\cakephp\src\Routing\Middleware\RoutingMiddleware.php:189
- C:\xampp_new\htdocs\inventario\vendor\cakephp\cakephp\src\Http\Runner.php:82
- C:\xampp_new\htdocs\inventario\vendor\cakephp\cakephp\src\Routing\Middleware\AssetMiddleware.php:68
- C:\xampp_new\htdocs\inventario\vendor\cakephp\cakephp\src\Http\Runner.php:82
- C:\xampp_new\htdocs\inventario\vendor\cakephp\cakephp\src\Error\Middleware\ErrorHandlerMiddleware.php:149
- C:\xampp_new\htdocs\inventario\vendor\cakephp\cakephp\src\Http\Runner.php:82
- C:\xampp_new\htdocs\inventario\vendor\cakephp\debug_kit\src\Middleware\DebugKitMiddleware.php:60
- C:\xampp_new\htdocs\inventario\vendor\cakephp\cakephp\src\Http\Runner.php:82
- C:\xampp_new\htdocs\inventario\vendor\cakephp\cakephp\src\Http\Runner.php:67
- C:\xampp_new\htdocs\inventario\vendor\cakephp\cakephp\src\Http\Server.php:99
- C:\xampp_new\htdocs\inventario\webroot\index.php:40
- [main]:

Request URL: /inventario/dashboard
2025-11-09 23:28:37 warning: Undefined variable $routes
Request URL: /dashboard
Trace:
Cake\Http\BaseApplication->{closure}() C:\xampp_new\htdocs\inventario\vendor\cakephp\cakephp\src\Routing\RouteBuilder.php, line 947
Cake\Routing\RouteBuilder->scope() C:\xampp_new\htdocs\inventario\config\routes.php, line 86
Cake\Http\BaseApplication->{closure}() C:\xampp_new\htdocs\inventario\vendor\cakephp\cakephp\src\Http\BaseApplication.php, line 201
Cake\Http\BaseApplication->routes() C:\xampp_new\htdocs\inventario\vendor\cakephp\cakephp\src\Routing\Middleware\RoutingMiddleware.php, line 137
Cake\Routing\Middleware\RoutingMiddleware->prepareRouteCollection() C:\xampp_new\htdocs\inventario\vendor\cakephp\cakephp\src\Routing\Middleware\RoutingMiddleware.php, line 126
Cake\Routing\Middleware\RoutingMiddleware->buildRouteCollection() C:\xampp_new\htdocs\inventario\vendor\cakephp\cakephp\src\Routing\Middleware\RoutingMiddleware.php, line 97
Cake\Routing\Middleware\RoutingMiddleware->loadRoutes() C:\xampp_new\htdocs\inventario\vendor\cakephp\cakephp\src\Routing\Middleware\RoutingMiddleware.php, line 157
Cake\Routing\Middleware\RoutingMiddleware->process() C:\xampp_new\htdocs\inventario\vendor\cakephp\cakephp\src\Http\Runner.php, line 82
Cake\Http\Runner->handle() C:\xampp_new\htdocs\inventario\vendor\cakephp\cakephp\src\Routing\Middleware\AssetMiddleware.php, line 68
Cake\Routing\Middleware\AssetMiddleware->process() C:\xampp_new\htdocs\inventario\vendor\cakephp\cakephp\src\Http\Runner.php, line 82
Cake\Http\Runner->handle() C:\xampp_new\htdocs\inventario\vendor\cakephp\cakephp\src\Error\Middleware\ErrorHandlerMiddleware.php, line 149
Cake\Error\Middleware\ErrorHandlerMiddleware->process() C:\xampp_new\htdocs\inventario\vendor\cakephp\cakephp\src\Http\Runner.php, line 82
Cake\Http\Runner->handle() C:\xampp_new\htdocs\inventario\vendor\cakephp\debug_kit\src\Middleware\DebugKitMiddleware.php, line 60
DebugKit\Middleware\DebugKitMiddleware->process() C:\xampp_new\htdocs\inventario\vendor\cakephp\cakephp\src\Http\Runner.php, line 82
Cake\Http\Runner->handle() C:\xampp_new\htdocs\inventario\vendor\cakephp\cakephp\src\Http\Runner.php, line 67
Cake\Http\Runner->run() C:\xampp_new\htdocs\inventario\vendor\cakephp\cakephp\src\Http\Server.php, line 99
Cake\Http\Server->run() C:\xampp_new\htdocs\inventario\webroot\index.php, line 40
[main]

2025-11-09 23:28:37 error: [Error] Call to a member function connect() on null in C:\xampp_new\htdocs\inventario\config\routes.php on line 81
Stack Trace:
- C:\xampp_new\htdocs\inventario\vendor\cakephp\cakephp\src\Routing\RouteBuilder.php:947
- C:\xampp_new\htdocs\inventario\config\routes.php:86
- C:\xampp_new\htdocs\inventario\vendor\cakephp\cakephp\src\Http\BaseApplication.php:201
- C:\xampp_new\htdocs\inventario\vendor\cakephp\cakephp\src\Routing\Middleware\RoutingMiddleware.php:137
- C:\xampp_new\htdocs\inventario\vendor\cakephp\cakephp\src\Routing\Middleware\RoutingMiddleware.php:126
- C:\xampp_new\htdocs\inventario\vendor\cakephp\cakephp\src\Routing\Middleware\RoutingMiddleware.php:97
- C:\xampp_new\htdocs\inventario\vendor\cakephp\cakephp\src\Routing\Middleware\RoutingMiddleware.php:157
- C:\xampp_new\htdocs\inventario\vendor\cakephp\cakephp\src\Http\Runner.php:82
- C:\xampp_new\htdocs\inventario\vendor\cakephp\cakephp\src\Routing\Middleware\AssetMiddleware.php:68
- C:\xampp_new\htdocs\inventario\vendor\cakephp\cakephp\src\Http\Runner.php:82
- C:\xampp_new\htdocs\inventario\vendor\cakephp\cakephp\src\Error\Middleware\ErrorHandlerMiddleware.php:149
- C:\xampp_new\htdocs\inventario\vendor\cakephp\cakephp\src\Http\Runner.php:82
- C:\xampp_new\htdocs\inventario\vendor\cakephp\debug_kit\src\Middleware\DebugKitMiddleware.php:60
- C:\xampp_new\htdocs\inventario\vendor\cakephp\cakephp\src\Http\Runner.php:82
- C:\xampp_new\htdocs\inventario\vendor\cakephp\cakephp\src\Http\Runner.php:67
- C:\xampp_new\htdocs\inventario\vendor\cakephp\cakephp\src\Http\Server.php:99
- C:\xampp_new\htdocs\inventario\webroot\index.php:40
- [main]:

Request URL: /dashboard
2025-11-09 23:28:38 warning: Unable to emit headers. Headers sent in file=C:\xampp_new\htdocs\inventario\vendor\cakephp\cakephp\src\Error\Renderer\HtmlErrorRenderer.php line=37
Request URL: /dashboard
Trace:
C:\xampp_new\htdocs\inventario\vendor\cakephp\cakephp\src\Http\ResponseEmitter.php C:\xampp_new\htdocs\inventario\vendor\cakephp\cakephp\src\Http\ResponseEmitter.php, line 71
Cake\Http\ResponseEmitter->emit() C:\xampp_new\htdocs\inventario\vendor\cakephp\cakephp\src\Http\Server.php, line 137
Cake\Http\Server->emit() C:\xampp_new\htdocs\inventario\webroot\index.php, line 40
[main]

2025-11-09 23:28:38 warning: Cannot modify header information - headers already sent by (output started at C:\xampp_new\htdocs\inventario\vendor\cakephp\cakephp\src\Error\Renderer\HtmlErrorRenderer.php:37)
Request URL: /dashboard
Trace:
C:\xampp_new\htdocs\inventario\vendor\cakephp\cakephp\src\Http\ResponseEmitter.php C:\xampp_new\htdocs\inventario\vendor\cakephp\cakephp\src\Http\ResponseEmitter.php, line 168
Cake\Http\ResponseEmitter->emitStatusLine() C:\xampp_new\htdocs\inventario\vendor\cakephp\cakephp\src\Http\ResponseEmitter.php, line 74
Cake\Http\ResponseEmitter->emit() C:\xampp_new\htdocs\inventario\vendor\cakephp\cakephp\src\Http\Server.php, line 137
Cake\Http\Server->emit() C:\xampp_new\htdocs\inventario\webroot\index.php, line 40
[main]

2025-11-09 23:28:38 warning: Cannot modify header information - headers already sent by (output started at C:\xampp_new\htdocs\inventario\vendor\cakephp\cakephp\src\Error\Renderer\HtmlErrorRenderer.php:37)
Request URL: /dashboard
Trace:
C:\xampp_new\htdocs\inventario\vendor\cakephp\cakephp\src\Http\ResponseEmitter.php C:\xampp_new\htdocs\inventario\vendor\cakephp\cakephp\src\Http\ResponseEmitter.php, line 197
Cake\Http\ResponseEmitter->emitHeaders() C:\xampp_new\htdocs\inventario\vendor\cakephp\cakephp\src\Http\ResponseEmitter.php, line 75
Cake\Http\ResponseEmitter->emit() C:\xampp_new\htdocs\inventario\vendor\cakephp\cakephp\src\Http\Server.php, line 137
Cake\Http\Server->emit() C:\xampp_new\htdocs\inventario\webroot\index.php, line 40
[main]

2025-11-09 23:28:38 warning: Cannot modify header information - headers already sent by (output started at C:\xampp_new\htdocs\inventario\vendor\cakephp\cakephp\src\Error\Renderer\HtmlErrorRenderer.php:37)
Request URL: /dashboard
Trace:
C:\xampp_new\htdocs\inventario\vendor\cakephp\cakephp\src\Http\ResponseEmitter.php C:\xampp_new\htdocs\inventario\vendor\cakephp\cakephp\src\Http\ResponseEmitter.php, line 197
Cake\Http\ResponseEmitter->emitHeaders() C:\xampp_new\htdocs\inventario\vendor\cakephp\cakephp\src\Http\ResponseEmitter.php, line 75
Cake\Http\ResponseEmitter->emit() C:\xampp_new\htdocs\inventario\vendor\cakephp\cakephp\src\Http\Server.php, line 137
Cake\Http\Server->emit() C:\xampp_new\htdocs\inventario\webroot\index.php, line 40
[main]

2025-11-09 23:28:38 warning: Undefined variable $routes
Request URL: /debug-kit/toolbar/b8decf8b-421c-444a-b052-cfcf1ac64028
Referer URL: http://localhost/inventario/dashboard
Trace:
Cake\Http\BaseApplication->{closure}() C:\xampp_new\htdocs\inventario\vendor\cakephp\cakephp\src\Routing\RouteBuilder.php, line 947
Cake\Routing\RouteBuilder->scope() C:\xampp_new\htdocs\inventario\config\routes.php, line 86
Cake\Http\BaseApplication->{closure}() C:\xampp_new\htdocs\inventario\vendor\cakephp\cakephp\src\Http\BaseApplication.php, line 201
Cake\Http\BaseApplication->routes() C:\xampp_new\htdocs\inventario\vendor\cakephp\cakephp\src\Routing\Middleware\RoutingMiddleware.php, line 137
Cake\Routing\Middleware\RoutingMiddleware->prepareRouteCollection() C:\xampp_new\htdocs\inventario\vendor\cakephp\cakephp\src\Routing\Middleware\RoutingMiddleware.php, line 126
Cake\Routing\Middleware\RoutingMiddleware->buildRouteCollection() C:\xampp_new\htdocs\inventario\vendor\cakephp\cakephp\src\Routing\Middleware\RoutingMiddleware.php, line 97
Cake\Routing\Middleware\RoutingMiddleware->loadRoutes() C:\xampp_new\htdocs\inventario\vendor\cakephp\cakephp\src\Routing\Middleware\RoutingMiddleware.php, line 157
Cake\Routing\Middleware\RoutingMiddleware->process() C:\xampp_new\htdocs\inventario\vendor\cakephp\cakephp\src\Http\Runner.php, line 82
Cake\Http\Runner->handle() C:\xampp_new\htdocs\inventario\vendor\cakephp\cakephp\src\Routing\Middleware\AssetMiddleware.php, line 68
Cake\Routing\Middleware\AssetMiddleware->process() C:\xampp_new\htdocs\inventario\vendor\cakephp\cakephp\src\Http\Runner.php, line 82
Cake\Http\Runner->handle() C:\xampp_new\htdocs\inventario\vendor\cakephp\cakephp\src\Error\Middleware\ErrorHandlerMiddleware.php, line 149
Cake\Error\Middleware\ErrorHandlerMiddleware->process() C:\xampp_new\htdocs\inventario\vendor\cakephp\cakephp\src\Http\Runner.php, line 82
Cake\Http\Runner->handle() C:\xampp_new\htdocs\inventario\vendor\cakephp\debug_kit\src\Middleware\DebugKitMiddleware.php, line 60
DebugKit\Middleware\DebugKitMiddleware->process() C:\xampp_new\htdocs\inventario\vendor\cakephp\cakephp\src\Http\Runner.php, line 82
Cake\Http\Runner->handle() C:\xampp_new\htdocs\inventario\vendor\cakephp\cakephp\src\Http\Runner.php, line 67
Cake\Http\Runner->run() C:\xampp_new\htdocs\inventario\vendor\cakephp\cakephp\src\Http\Server.php, line 99
Cake\Http\Server->run() C:\xampp_new\htdocs\inventario\webroot\index.php, line 40
[main]

2025-11-09 23:28:38 error: [Error] Call to a member function connect() on null in C:\xampp_new\htdocs\inventario\config\routes.php on line 81
Stack Trace:
- C:\xampp_new\htdocs\inventario\vendor\cakephp\cakephp\src\Routing\RouteBuilder.php:947
- C:\xampp_new\htdocs\inventario\config\routes.php:86
- C:\xampp_new\htdocs\inventario\vendor\cakephp\cakephp\src\Http\BaseApplication.php:201
- C:\xampp_new\htdocs\inventario\vendor\cakephp\cakephp\src\Routing\Middleware\RoutingMiddleware.php:137
- C:\xampp_new\htdocs\inventario\vendor\cakephp\cakephp\src\Routing\Middleware\RoutingMiddleware.php:126
- C:\xampp_new\htdocs\inventario\vendor\cakephp\cakephp\src\Routing\Middleware\RoutingMiddleware.php:97
- C:\xampp_new\htdocs\inventario\vendor\cakephp\cakephp\src\Routing\Middleware\RoutingMiddleware.php:157
- C:\xampp_new\htdocs\inventario\vendor\cakephp\cakephp\src\Http\Runner.php:82
- C:\xampp_new\htdocs\inventario\vendor\cakephp\cakephp\src\Routing\Middleware\AssetMiddleware.php:68
- C:\xampp_new\htdocs\inventario\vendor\cakephp\cakephp\src\Http\Runner.php:82
- C:\xampp_new\htdocs\inventario\vendor\cakephp\cakephp\src\Error\Middleware\ErrorHandlerMiddleware.php:149
- C:\xampp_new\htdocs\inventario\vendor\cakephp\cakephp\src\Http\Runner.php:82
- C:\xampp_new\htdocs\inventario\vendor\cakephp\debug_kit\src\Middleware\DebugKitMiddleware.php:60
- C:\xampp_new\htdocs\inventario\vendor\cakephp\cakephp\src\Http\Runner.php:82
- C:\xampp_new\htdocs\inventario\vendor\cakephp\cakephp\src\Http\Runner.php:67
- C:\xampp_new\htdocs\inventario\vendor\cakephp\cakephp\src\Http\Server.php:99
- C:\xampp_new\htdocs\inventario\webroot\index.php:40
- [main]:

Request URL: /debug-kit/toolbar/b8decf8b-421c-444a-b052-cfcf1ac64028
Referer URL: http://localhost/inventario/dashboard
2025-11-09 23:28:38 warning: Unable to emit headers. Headers sent in file=C:\xampp_new\htdocs\inventario\vendor\cakephp\cakephp\src\Error\Renderer\HtmlErrorRenderer.php line=37
Request URL: /debug-kit/toolbar/b8decf8b-421c-444a-b052-cfcf1ac64028
Referer URL: http://localhost/inventario/dashboard
Trace:
C:\xampp_new\htdocs\inventario\vendor\cakephp\cakephp\src\Http\ResponseEmitter.php C:\xampp_new\htdocs\inventario\vendor\cakephp\cakephp\src\Http\ResponseEmitter.php, line 71
Cake\Http\ResponseEmitter->emit() C:\xampp_new\htdocs\inventario\vendor\cakephp\cakephp\src\Http\Server.php, line 137
Cake\Http\Server->emit() C:\xampp_new\htdocs\inventario\webroot\index.php, line 40
[main]

2025-11-09 23:28:38 warning: Cannot modify header information - headers already sent by (output started at C:\xampp_new\htdocs\inventario\vendor\cakephp\cakephp\src\Error\Renderer\HtmlErrorRenderer.php:37)
Request URL: /debug-kit/toolbar/b8decf8b-421c-444a-b052-cfcf1ac64028
Referer URL: http://localhost/inventario/dashboard
Trace:
C:\xampp_new\htdocs\inventario\vendor\cakephp\cakephp\src\Http\ResponseEmitter.php C:\xampp_new\htdocs\inventario\vendor\cakephp\cakephp\src\Http\ResponseEmitter.php, line 168
Cake\Http\ResponseEmitter->emitStatusLine() C:\xampp_new\htdocs\inventario\vendor\cakephp\cakephp\src\Http\ResponseEmitter.php, line 74
Cake\Http\ResponseEmitter->emit() C:\xampp_new\htdocs\inventario\vendor\cakephp\cakephp\src\Http\Server.php, line 137
Cake\Http\Server->emit() C:\xampp_new\htdocs\inventario\webroot\index.php, line 40
[main]

2025-11-09 23:28:38 warning: Cannot modify header information - headers already sent by (output started at C:\xampp_new\htdocs\inventario\vendor\cakephp\cakephp\src\Error\Renderer\HtmlErrorRenderer.php:37)
Request URL: /debug-kit/toolbar/b8decf8b-421c-444a-b052-cfcf1ac64028
Referer URL: http://localhost/inventario/dashboard
Trace:
C:\xampp_new\htdocs\inventario\vendor\cakephp\cakephp\src\Http\ResponseEmitter.php C:\xampp_new\htdocs\inventario\vendor\cakephp\cakephp\src\Http\ResponseEmitter.php, line 197
Cake\Http\ResponseEmitter->emitHeaders() C:\xampp_new\htdocs\inventario\vendor\cakephp\cakephp\src\Http\ResponseEmitter.php, line 75
Cake\Http\ResponseEmitter->emit() C:\xampp_new\htdocs\inventario\vendor\cakephp\cakephp\src\Http\Server.php, line 137
Cake\Http\Server->emit() C:\xampp_new\htdocs\inventario\webroot\index.php, line 40
[main]

2025-11-09 23:35:47 warning: Undefined variable $routes
Request URL: /produtos
Referer URL: http://localhost/inventario/produtos/add
Trace:
Cake\Http\BaseApplication->{closure}() C:\xampp_new\htdocs\inventario\vendor\cakephp\cakephp\src\Routing\RouteBuilder.php, line 947
Cake\Routing\RouteBuilder->scope() C:\xampp_new\htdocs\inventario\config\routes.php, line 86
Cake\Http\BaseApplication->{closure}() C:\xampp_new\htdocs\inventario\vendor\cakephp\cakephp\src\Http\BaseApplication.php, line 201
Cake\Http\BaseApplication->routes() C:\xampp_new\htdocs\inventario\vendor\cakephp\cakephp\src\Routing\Middleware\RoutingMiddleware.php, line 137
Cake\Routing\Middleware\RoutingMiddleware->prepareRouteCollection() C:\xampp_new\htdocs\inventario\vendor\cakephp\cakephp\src\Routing\Middleware\RoutingMiddleware.php, line 126
Cake\Routing\Middleware\RoutingMiddleware->buildRouteCollection() C:\xampp_new\htdocs\inventario\vendor\cakephp\cakephp\src\Routing\Middleware\RoutingMiddleware.php, line 97
Cake\Routing\Middleware\RoutingMiddleware->loadRoutes() C:\xampp_new\htdocs\inventario\vendor\cakephp\cakephp\src\Routing\Middleware\RoutingMiddleware.php, line 157
Cake\Routing\Middleware\RoutingMiddleware->process() C:\xampp_new\htdocs\inventario\vendor\cakephp\cakephp\src\Http\Runner.php, line 82
Cake\Http\Runner->handle() C:\xampp_new\htdocs\inventario\vendor\cakephp\cakephp\src\Routing\Middleware\AssetMiddleware.php, line 68
Cake\Routing\Middleware\AssetMiddleware->process() C:\xampp_new\htdocs\inventario\vendor\cakephp\cakephp\src\Http\Runner.php, line 82
Cake\Http\Runner->handle() C:\xampp_new\htdocs\inventario\vendor\cakephp\cakephp\src\Error\Middleware\ErrorHandlerMiddleware.php, line 149
Cake\Error\Middleware\ErrorHandlerMiddleware->process() C:\xampp_new\htdocs\inventario\vendor\cakephp\cakephp\src\Http\Runner.php, line 82
Cake\Http\Runner->handle() C:\xampp_new\htdocs\inventario\vendor\cakephp\debug_kit\src\Middleware\DebugKitMiddleware.php, line 60
DebugKit\Middleware\DebugKitMiddleware->process() C:\xampp_new\htdocs\inventario\vendor\cakephp\cakephp\src\Http\Runner.php, line 82
Cake\Http\Runner->handle() C:\xampp_new\htdocs\inventario\vendor\cakephp\cakephp\src\Http\Runner.php, line 67
Cake\Http\Runner->run() C:\xampp_new\htdocs\inventario\vendor\cakephp\cakephp\src\Http\Server.php, line 99
Cake\Http\Server->run() C:\xampp_new\htdocs\inventario\webroot\index.php, line 40
[main]

2025-11-09 23:35:47 error: [Error] Call to a member function connect() on null in C:\xampp_new\htdocs\inventario\config\routes.php on line 67
Stack Trace:
- C:\xampp_new\htdocs\inventario\vendor\cakephp\cakephp\src\Routing\RouteBuilder.php:947
- C:\xampp_new\htdocs\inventario\config\routes.php:86
- C:\xampp_new\htdocs\inventario\vendor\cakephp\cakephp\src\Http\BaseApplication.php:201
- C:\xampp_new\htdocs\inventario\vendor\cakephp\cakephp\src\Routing\Middleware\RoutingMiddleware.php:137
- C:\xampp_new\htdocs\inventario\vendor\cakephp\cakephp\src\Routing\Middleware\RoutingMiddleware.php:126
- C:\xampp_new\htdocs\inventario\vendor\cakephp\cakephp\src\Routing\Middleware\RoutingMiddleware.php:97
- C:\xampp_new\htdocs\inventario\vendor\cakephp\cakephp\src\Routing\Middleware\RoutingMiddleware.php:157
- C:\xampp_new\htdocs\inventario\vendor\cakephp\cakephp\src\Http\Runner.php:82
- C:\xampp_new\htdocs\inventario\vendor\cakephp\cakephp\src\Routing\Middleware\AssetMiddleware.php:68
- C:\xampp_new\htdocs\inventario\vendor\cakephp\cakephp\src\Http\Runner.php:82
- C:\xampp_new\htdocs\inventario\vendor\cakephp\cakephp\src\Error\Middleware\ErrorHandlerMiddleware.php:149
- C:\xampp_new\htdocs\inventario\vendor\cakephp\cakephp\src\Http\Runner.php:82
- C:\xampp_new\htdocs\inventario\vendor\cakephp\debug_kit\src\Middleware\DebugKitMiddleware.php:60
- C:\xampp_new\htdocs\inventario\vendor\cakephp\cakephp\src\Http\Runner.php:82
- C:\xampp_new\htdocs\inventario\vendor\cakephp\cakephp\src\Http\Runner.php:67
- C:\xampp_new\htdocs\inventario\vendor\cakephp\cakephp\src\Http\Server.php:99
- C:\xampp_new\htdocs\inventario\webroot\index.php:40
- [main]:

Request URL: /produtos
Referer URL: http://localhost/inventario/produtos/add
2025-11-09 23:35:47 warning: Unable to emit headers. Headers sent in file=C:\xampp_new\htdocs\inventario\vendor\cakephp\cakephp\src\Error\Renderer\HtmlErrorRenderer.php line=37
Request URL: /produtos
Referer URL: http://localhost/inventario/produtos/add
Trace:
C:\xampp_new\htdocs\inventario\vendor\cakephp\cakephp\src\Http\ResponseEmitter.php C:\xampp_new\htdocs\inventario\vendor\cakephp\cakephp\src\Http\ResponseEmitter.php, line 71
Cake\Http\ResponseEmitter->emit() C:\xampp_new\htdocs\inventario\vendor\cakephp\cakephp\src\Http\Server.php, line 137
Cake\Http\Server->emit() C:\xampp_new\htdocs\inventario\webroot\index.php, line 40
[main]

2025-11-09 23:35:47 warning: Cannot modify header information - headers already sent by (output started at C:\xampp_new\htdocs\inventario\vendor\cakephp\cakephp\src\Error\Renderer\HtmlErrorRenderer.php:37)
Request URL: /produtos
Referer URL: http://localhost/inventario/produtos/add
Trace:
C:\xampp_new\htdocs\inventario\vendor\cakephp\cakephp\src\Http\ResponseEmitter.php C:\xampp_new\htdocs\inventario\vendor\cakephp\cakephp\src\Http\ResponseEmitter.php, line 168
Cake\Http\ResponseEmitter->emitStatusLine() C:\xampp_new\htdocs\inventario\vendor\cakephp\cakephp\src\Http\ResponseEmitter.php, line 74
Cake\Http\ResponseEmitter->emit() C:\xampp_new\htdocs\inventario\vendor\cakephp\cakephp\src\Http\Server.php, line 137
Cake\Http\Server->emit() C:\xampp_new\htdocs\inventario\webroot\index.php, line 40
[main]

2025-11-09 23:35:47 warning: Cannot modify header information - headers already sent by (output started at C:\xampp_new\htdocs\inventario\vendor\cakephp\cakephp\src\Error\Renderer\HtmlErrorRenderer.php:37)
Request URL: /produtos
Referer URL: http://localhost/inventario/produtos/add
Trace:
C:\xampp_new\htdocs\inventario\vendor\cakephp\cakephp\src\Http\ResponseEmitter.php C:\xampp_new\htdocs\inventario\vendor\cakephp\cakephp\src\Http\ResponseEmitter.php, line 197
Cake\Http\ResponseEmitter->emitHeaders() C:\xampp_new\htdocs\inventario\vendor\cakephp\cakephp\src\Http\ResponseEmitter.php, line 75
Cake\Http\ResponseEmitter->emit() C:\xampp_new\htdocs\inventario\vendor\cakephp\cakephp\src\Http\Server.php, line 137
Cake\Http\Server->emit() C:\xampp_new\htdocs\inventario\webroot\index.php, line 40
[main]

2025-11-09 23:35:47 warning: Cannot modify header information - headers already sent by (output started at C:\xampp_new\htdocs\inventario\vendor\cakephp\cakephp\src\Error\Renderer\HtmlErrorRenderer.php:37)
Request URL: /produtos
Referer URL: http://localhost/inventario/produtos/add
Trace:
C:\xampp_new\htdocs\inventario\vendor\cakephp\cakephp\src\Http\ResponseEmitter.php C:\xampp_new\htdocs\inventario\vendor\cakephp\cakephp\src\Http\ResponseEmitter.php, line 197
Cake\Http\ResponseEmitter->emitHeaders() C:\xampp_new\htdocs\inventario\vendor\cakephp\cakephp\src\Http\ResponseEmitter.php, line 75
Cake\Http\ResponseEmitter->emit() C:\xampp_new\htdocs\inventario\vendor\cakephp\cakephp\src\Http\Server.php, line 137
Cake\Http\Server->emit() C:\xampp_new\htdocs\inventario\webroot\index.php, line 40
[main]

2025-11-09 23:35:47 warning: Undefined variable $routes
Request URL: /debug-kit/toolbar/933bda12-a71b-43cc-bb36-1d39db142e8d
Referer URL: http://localhost/inventario/produtos
Trace:
Cake\Http\BaseApplication->{closure}() C:\xampp_new\htdocs\inventario\vendor\cakephp\cakephp\src\Routing\RouteBuilder.php, line 947
Cake\Routing\RouteBuilder->scope() C:\xampp_new\htdocs\inventario\config\routes.php, line 86
Cake\Http\BaseApplication->{closure}() C:\xampp_new\htdocs\inventario\vendor\cakephp\cakephp\src\Http\BaseApplication.php, line 201
Cake\Http\BaseApplication->routes() C:\xampp_new\htdocs\inventario\vendor\cakephp\cakephp\src\Routing\Middleware\RoutingMiddleware.php, line 137
Cake\Routing\Middleware\RoutingMiddleware->prepareRouteCollection() C:\xampp_new\htdocs\inventario\vendor\cakephp\cakephp\src\Routing\Middleware\RoutingMiddleware.php, line 126
Cake\Routing\Middleware\RoutingMiddleware->buildRouteCollection() C:\xampp_new\htdocs\inventario\vendor\cakephp\cakephp\src\Routing\Middleware\RoutingMiddleware.php, line 97
Cake\Routing\Middleware\RoutingMiddleware->loadRoutes() C:\xampp_new\htdocs\inventario\vendor\cakephp\cakephp\src\Routing\Middleware\RoutingMiddleware.php, line 157
Cake\Routing\Middleware\RoutingMiddleware->process() C:\xampp_new\htdocs\inventario\vendor\cakephp\cakephp\src\Http\Runner.php, line 82
Cake\Http\Runner->handle() C:\xampp_new\htdocs\inventario\vendor\cakephp\cakephp\src\Routing\Middleware\AssetMiddleware.php, line 68
Cake\Routing\Middleware\AssetMiddleware->process() C:\xampp_new\htdocs\inventario\vendor\cakephp\cakephp\src\Http\Runner.php, line 82
Cake\Http\Runner->handle() C:\xampp_new\htdocs\inventario\vendor\cakephp\cakephp\src\Error\Middleware\ErrorHandlerMiddleware.php, line 149
Cake\Error\Middleware\ErrorHandlerMiddleware->process() C:\xampp_new\htdocs\inventario\vendor\cakephp\cakephp\src\Http\Runner.php, line 82
Cake\Http\Runner->handle() C:\xampp_new\htdocs\inventario\vendor\cakephp\debug_kit\src\Middleware\DebugKitMiddleware.php, line 60
DebugKit\Middleware\DebugKitMiddleware->process() C:\xampp_new\htdocs\inventario\vendor\cakephp\cakephp\src\Http\Runner.php, line 82
Cake\Http\Runner->handle() C:\xampp_new\htdocs\inventario\vendor\cakephp\cakephp\src\Http\Runner.php, line 67
Cake\Http\Runner->run() C:\xampp_new\htdocs\inventario\vendor\cakephp\cakephp\src\Http\Server.php, line 99
Cake\Http\Server->run() C:\xampp_new\htdocs\inventario\webroot\index.php, line 40
[main]

2025-11-09 23:35:47 error: [Error] Call to a member function connect() on null in C:\xampp_new\htdocs\inventario\config\routes.php on line 67
Stack Trace:
- C:\xampp_new\htdocs\inventario\vendor\cakephp\cakephp\src\Routing\RouteBuilder.php:947
- C:\xampp_new\htdocs\inventario\config\routes.php:86
- C:\xampp_new\htdocs\inventario\vendor\cakephp\cakephp\src\Http\BaseApplication.php:201
- C:\xampp_new\htdocs\inventario\vendor\cakephp\cakephp\src\Routing\Middleware\RoutingMiddleware.php:137
- C:\xampp_new\htdocs\inventario\vendor\cakephp\cakephp\src\Routing\Middleware\RoutingMiddleware.php:126
- C:\xampp_new\htdocs\inventario\vendor\cakephp\cakephp\src\Routing\Middleware\RoutingMiddleware.php:97
- C:\xampp_new\htdocs\inventario\vendor\cakephp\cakephp\src\Routing\Middleware\RoutingMiddleware.php:157
- C:\xampp_new\htdocs\inventario\vendor\cakephp\cakephp\src\Http\Runner.php:82
- C:\xampp_new\htdocs\inventario\vendor\cakephp\cakephp\src\Routing\Middleware\AssetMiddleware.php:68
- C:\xampp_new\htdocs\inventario\vendor\cakephp\cakephp\src\Http\Runner.php:82
- C:\xampp_new\htdocs\inventario\vendor\cakephp\cakephp\src\Error\Middleware\ErrorHandlerMiddleware.php:149
- C:\xampp_new\htdocs\inventario\vendor\cakephp\cakephp\src\Http\Runner.php:82
- C:\xampp_new\htdocs\inventario\vendor\cakephp\debug_kit\src\Middleware\DebugKitMiddleware.php:60
- C:\xampp_new\htdocs\inventario\vendor\cakephp\cakephp\src\Http\Runner.php:82
- C:\xampp_new\htdocs\inventario\vendor\cakephp\cakephp\src\Http\Runner.php:67
- C:\xampp_new\htdocs\inventario\vendor\cakephp\cakephp\src\Http\Server.php:99
- C:\xampp_new\htdocs\inventario\webroot\index.php:40
- [main]:

Request URL: /debug-kit/toolbar/933bda12-a71b-43cc-bb36-1d39db142e8d
Referer URL: http://localhost/inventario/produtos
2025-11-09 23:35:47 warning: Unable to emit headers. Headers sent in file=C:\xampp_new\htdocs\inventario\vendor\cakephp\cakephp\src\Error\Renderer\HtmlErrorRenderer.php line=37
Request URL: /debug-kit/toolbar/933bda12-a71b-43cc-bb36-1d39db142e8d
Referer URL: http://localhost/inventario/produtos
Trace:
C:\xampp_new\htdocs\inventario\vendor\cakephp\cakephp\src\Http\ResponseEmitter.php C:\xampp_new\htdocs\inventario\vendor\cakephp\cakephp\src\Http\ResponseEmitter.php, line 71
Cake\Http\ResponseEmitter->emit() C:\xampp_new\htdocs\inventario\vendor\cakephp\cakephp\src\Http\Server.php, line 137
Cake\Http\Server->emit() C:\xampp_new\htdocs\inventario\webroot\index.php, line 40
[main]

2025-11-09 23:35:47 warning: Cannot modify header information - headers already sent by (output started at C:\xampp_new\htdocs\inventario\vendor\cakephp\cakephp\src\Error\Renderer\HtmlErrorRenderer.php:37)
Request URL: /debug-kit/toolbar/933bda12-a71b-43cc-bb36-1d39db142e8d
Referer URL: http://localhost/inventario/produtos
Trace:
C:\xampp_new\htdocs\inventario\vendor\cakephp\cakephp\src\Http\ResponseEmitter.php C:\xampp_new\htdocs\inventario\vendor\cakephp\cakephp\src\Http\ResponseEmitter.php, line 168
Cake\Http\ResponseEmitter->emitStatusLine() C:\xampp_new\htdocs\inventario\vendor\cakephp\cakephp\src\Http\ResponseEmitter.php, line 74
Cake\Http\ResponseEmitter->emit() C:\xampp_new\htdocs\inventario\vendor\cakephp\cakephp\src\Http\Server.php, line 137
Cake\Http\Server->emit() C:\xampp_new\htdocs\inventario\webroot\index.php, line 40
[main]

2025-11-09 23:35:47 warning: Cannot modify header information - headers already sent by (output started at C:\xampp_new\htdocs\inventario\vendor\cakephp\cakephp\src\Error\Renderer\HtmlErrorRenderer.php:37)
Request URL: /debug-kit/toolbar/933bda12-a71b-43cc-bb36-1d39db142e8d
Referer URL: http://localhost/inventario/produtos
Trace:
C:\xampp_new\htdocs\inventario\vendor\cakephp\cakephp\src\Http\ResponseEmitter.php C:\xampp_new\htdocs\inventario\vendor\cakephp\cakephp\src\Http\ResponseEmitter.php, line 197
Cake\Http\ResponseEmitter->emitHeaders() C:\xampp_new\htdocs\inventario\vendor\cakephp\cakephp\src\Http\ResponseEmitter.php, line 75
Cake\Http\ResponseEmitter->emit() C:\xampp_new\htdocs\inventario\vendor\cakephp\cakephp\src\Http\Server.php, line 137
Cake\Http\Server->emit() C:\xampp_new\htdocs\inventario\webroot\index.php, line 40
[main]

2025-11-09 23:35:50 warning: Undefined variable $routes
Request URL: /produtos
Referer URL: http://localhost/inventario/produtos/add
Trace:
Cake\Http\BaseApplication->{closure}() C:\xampp_new\htdocs\inventario\vendor\cakephp\cakephp\src\Routing\RouteBuilder.php, line 947
Cake\Routing\RouteBuilder->scope() C:\xampp_new\htdocs\inventario\config\routes.php, line 86
Cake\Http\BaseApplication->{closure}() C:\xampp_new\htdocs\inventario\vendor\cakephp\cakephp\src\Http\BaseApplication.php, line 201
Cake\Http\BaseApplication->routes() C:\xampp_new\htdocs\inventario\vendor\cakephp\cakephp\src\Routing\Middleware\RoutingMiddleware.php, line 137
Cake\Routing\Middleware\RoutingMiddleware->prepareRouteCollection() C:\xampp_new\htdocs\inventario\vendor\cakephp\cakephp\src\Routing\Middleware\RoutingMiddleware.php, line 126
Cake\Routing\Middleware\RoutingMiddleware->buildRouteCollection() C:\xampp_new\htdocs\inventario\vendor\cakephp\cakephp\src\Routing\Middleware\RoutingMiddleware.php, line 97
Cake\Routing\Middleware\RoutingMiddleware->loadRoutes() C:\xampp_new\htdocs\inventario\vendor\cakephp\cakephp\src\Routing\Middleware\RoutingMiddleware.php, line 157
Cake\Routing\Middleware\RoutingMiddleware->process() C:\xampp_new\htdocs\inventario\vendor\cakephp\cakephp\src\Http\Runner.php, line 82
Cake\Http\Runner->handle() C:\xampp_new\htdocs\inventario\vendor\cakephp\cakephp\src\Routing\Middleware\AssetMiddleware.php, line 68
Cake\Routing\Middleware\AssetMiddleware->process() C:\xampp_new\htdocs\inventario\vendor\cakephp\cakephp\src\Http\Runner.php, line 82
Cake\Http\Runner->handle() C:\xampp_new\htdocs\inventario\vendor\cakephp\cakephp\src\Error\Middleware\ErrorHandlerMiddleware.php, line 149
Cake\Error\Middleware\ErrorHandlerMiddleware->process() C:\xampp_new\htdocs\inventario\vendor\cakephp\cakephp\src\Http\Runner.php, line 82
Cake\Http\Runner->handle() C:\xampp_new\htdocs\inventario\vendor\cakephp\debug_kit\src\Middleware\DebugKitMiddleware.php, line 60
DebugKit\Middleware\DebugKitMiddleware->process() C:\xampp_new\htdocs\inventario\vendor\cakephp\cakephp\src\Http\Runner.php, line 82
Cake\Http\Runner->handle() C:\xampp_new\htdocs\inventario\vendor\cakephp\cakephp\src\Http\Runner.php, line 67
Cake\Http\Runner->run() C:\xampp_new\htdocs\inventario\vendor\cakephp\cakephp\src\Http\Server.php, line 99
Cake\Http\Server->run() C:\xampp_new\htdocs\inventario\webroot\index.php, line 40
[main]

2025-11-09 23:35:50 error: [Error] Call to a member function connect() on null in C:\xampp_new\htdocs\inventario\config\routes.php on line 67
Stack Trace:
- C:\xampp_new\htdocs\inventario\vendor\cakephp\cakephp\src\Routing\RouteBuilder.php:947
- C:\xampp_new\htdocs\inventario\config\routes.php:86
- C:\xampp_new\htdocs\inventario\vendor\cakephp\cakephp\src\Http\BaseApplication.php:201
- C:\xampp_new\htdocs\inventario\vendor\cakephp\cakephp\src\Routing\Middleware\RoutingMiddleware.php:137
- C:\xampp_new\htdocs\inventario\vendor\cakephp\cakephp\src\Routing\Middleware\RoutingMiddleware.php:126
- C:\xampp_new\htdocs\inventario\vendor\cakephp\cakephp\src\Routing\Middleware\RoutingMiddleware.php:97
- C:\xampp_new\htdocs\inventario\vendor\cakephp\cakephp\src\Routing\Middleware\RoutingMiddleware.php:157
- C:\xampp_new\htdocs\inventario\vendor\cakephp\cakephp\src\Http\Runner.php:82
- C:\xampp_new\htdocs\inventario\vendor\cakephp\cakephp\src\Routing\Middleware\AssetMiddleware.php:68
- C:\xampp_new\htdocs\inventario\vendor\cakephp\cakephp\src\Http\Runner.php:82
- C:\xampp_new\htdocs\inventario\vendor\cakephp\cakephp\src\Error\Middleware\ErrorHandlerMiddleware.php:149
- C:\xampp_new\htdocs\inventario\vendor\cakephp\cakephp\src\Http\Runner.php:82
- C:\xampp_new\htdocs\inventario\vendor\cakephp\debug_kit\src\Middleware\DebugKitMiddleware.php:60
- C:\xampp_new\htdocs\inventario\vendor\cakephp\cakephp\src\Http\Runner.php:82
- C:\xampp_new\htdocs\inventario\vendor\cakephp\cakephp\src\Http\Runner.php:67
- C:\xampp_new\htdocs\inventario\vendor\cakephp\cakephp\src\Http\Server.php:99
- C:\xampp_new\htdocs\inventario\webroot\index.php:40
- [main]:

Request URL: /produtos
Referer URL: http://localhost/inventario/produtos/add
2025-11-09 23:35:50 warning: Unable to emit headers. Headers sent in file=C:\xampp_new\htdocs\inventario\vendor\cakephp\cakephp\src\Error\Renderer\HtmlErrorRenderer.php line=37
Request URL: /produtos
Referer URL: http://localhost/inventario/produtos/add
Trace:
C:\xampp_new\htdocs\inventario\vendor\cakephp\cakephp\src\Http\ResponseEmitter.php C:\xampp_new\htdocs\inventario\vendor\cakephp\cakephp\src\Http\ResponseEmitter.php, line 71
Cake\Http\ResponseEmitter->emit() C:\xampp_new\htdocs\inventario\vendor\cakephp\cakephp\src\Http\Server.php, line 137
Cake\Http\Server->emit() C:\xampp_new\htdocs\inventario\webroot\index.php, line 40
[main]

2025-11-09 23:35:50 warning: Cannot modify header information - headers already sent by (output started at C:\xampp_new\htdocs\inventario\vendor\cakephp\cakephp\src\Error\Renderer\HtmlErrorRenderer.php:37)
Request URL: /produtos
Referer URL: http://localhost/inventario/produtos/add
Trace:
C:\xampp_new\htdocs\inventario\vendor\cakephp\cakephp\src\Http\ResponseEmitter.php C:\xampp_new\htdocs\inventario\vendor\cakephp\cakephp\src\Http\ResponseEmitter.php, line 168
Cake\Http\ResponseEmitter->emitStatusLine() C:\xampp_new\htdocs\inventario\vendor\cakephp\cakephp\src\Http\ResponseEmitter.php, line 74
Cake\Http\ResponseEmitter->emit() C:\xampp_new\htdocs\inventario\vendor\cakephp\cakephp\src\Http\Server.php, line 137
Cake\Http\Server->emit() C:\xampp_new\htdocs\inventario\webroot\index.php, line 40
[main]

2025-11-09 23:35:50 warning: Cannot modify header information - headers already sent by (output started at C:\xampp_new\htdocs\inventario\vendor\cakephp\cakephp\src\Error\Renderer\HtmlErrorRenderer.php:37)
Request URL: /produtos
Referer URL: http://localhost/inventario/produtos/add
Trace:
C:\xampp_new\htdocs\inventario\vendor\cakephp\cakephp\src\Http\ResponseEmitter.php C:\xampp_new\htdocs\inventario\vendor\cakephp\cakephp\src\Http\ResponseEmitter.php, line 197
Cake\Http\ResponseEmitter->emitHeaders() C:\xampp_new\htdocs\inventario\vendor\cakephp\cakephp\src\Http\ResponseEmitter.php, line 75
Cake\Http\ResponseEmitter->emit() C:\xampp_new\htdocs\inventario\vendor\cakephp\cakephp\src\Http\Server.php, line 137
Cake\Http\Server->emit() C:\xampp_new\htdocs\inventario\webroot\index.php, line 40
[main]

2025-11-09 23:35:50 warning: Cannot modify header information - headers already sent by (output started at C:\xampp_new\htdocs\inventario\vendor\cakephp\cakephp\src\Error\Renderer\HtmlErrorRenderer.php:37)
Request URL: /produtos
Referer URL: http://localhost/inventario/produtos/add
Trace:
C:\xampp_new\htdocs\inventario\vendor\cakephp\cakephp\src\Http\ResponseEmitter.php C:\xampp_new\htdocs\inventario\vendor\cakephp\cakephp\src\Http\ResponseEmitter.php, line 197
Cake\Http\ResponseEmitter->emitHeaders() C:\xampp_new\htdocs\inventario\vendor\cakephp\cakephp\src\Http\ResponseEmitter.php, line 75
Cake\Http\ResponseEmitter->emit() C:\xampp_new\htdocs\inventario\vendor\cakephp\cakephp\src\Http\Server.php, line 137
Cake\Http\Server->emit() C:\xampp_new\htdocs\inventario\webroot\index.php, line 40
[main]

2025-11-09 23:35:50 warning: Undefined variable $routes
Request URL: /debug-kit/toolbar/f24f9eb8-02a0-4cf7-bdf2-b64ef28a6f7d
Referer URL: http://localhost/inventario/produtos
Trace:
Cake\Http\BaseApplication->{closure}() C:\xampp_new\htdocs\inventario\vendor\cakephp\cakephp\src\Routing\RouteBuilder.php, line 947
Cake\Routing\RouteBuilder->scope() C:\xampp_new\htdocs\inventario\config\routes.php, line 86
Cake\Http\BaseApplication->{closure}() C:\xampp_new\htdocs\inventario\vendor\cakephp\cakephp\src\Http\BaseApplication.php, line 201
Cake\Http\BaseApplication->routes() C:\xampp_new\htdocs\inventario\vendor\cakephp\cakephp\src\Routing\Middleware\RoutingMiddleware.php, line 137
Cake\Routing\Middleware\RoutingMiddleware->prepareRouteCollection() C:\xampp_new\htdocs\inventario\vendor\cakephp\cakephp\src\Routing\Middleware\RoutingMiddleware.php, line 126
Cake\Routing\Middleware\RoutingMiddleware->buildRouteCollection() C:\xampp_new\htdocs\inventario\vendor\cakephp\cakephp\src\Routing\Middleware\RoutingMiddleware.php, line 97
Cake\Routing\Middleware\RoutingMiddleware->loadRoutes() C:\xampp_new\htdocs\inventario\vendor\cakephp\cakephp\src\Routing\Middleware\RoutingMiddleware.php, line 157
Cake\Routing\Middleware\RoutingMiddleware->process() C:\xampp_new\htdocs\inventario\vendor\cakephp\cakephp\src\Http\Runner.php, line 82
Cake\Http\Runner->handle() C:\xampp_new\htdocs\inventario\vendor\cakephp\cakephp\src\Routing\Middleware\AssetMiddleware.php, line 68
Cake\Routing\Middleware\AssetMiddleware->process() C:\xampp_new\htdocs\inventario\vendor\cakephp\cakephp\src\Http\Runner.php, line 82
Cake\Http\Runner->handle() C:\xampp_new\htdocs\inventario\vendor\cakephp\cakephp\src\Error\Middleware\ErrorHandlerMiddleware.php, line 149
Cake\Error\Middleware\ErrorHandlerMiddleware->process() C:\xampp_new\htdocs\inventario\vendor\cakephp\cakephp\src\Http\Runner.php, line 82
Cake\Http\Runner->handle() C:\xampp_new\htdocs\inventario\vendor\cakephp\debug_kit\src\Middleware\DebugKitMiddleware.php, line 60
DebugKit\Middleware\DebugKitMiddleware->process() C:\xampp_new\htdocs\inventario\vendor\cakephp\cakephp\src\Http\Runner.php, line 82
Cake\Http\Runner->handle() C:\xampp_new\htdocs\inventario\vendor\cakephp\cakephp\src\Http\Runner.php, line 67
Cake\Http\Runner->run() C:\xampp_new\htdocs\inventario\vendor\cakephp\cakephp\src\Http\Server.php, line 99
Cake\Http\Server->run() C:\xampp_new\htdocs\inventario\webroot\index.php, line 40
[main]

2025-11-09 23:35:50 error: [Error] Call to a member function connect() on null in C:\xampp_new\htdocs\inventario\config\routes.php on line 67
Stack Trace:
- C:\xampp_new\htdocs\inventario\vendor\cakephp\cakephp\src\Routing\RouteBuilder.php:947
- C:\xampp_new\htdocs\inventario\config\routes.php:86
- C:\xampp_new\htdocs\inventario\vendor\cakephp\cakephp\src\Http\BaseApplication.php:201
- C:\xampp_new\htdocs\inventario\vendor\cakephp\cakephp\src\Routing\Middleware\RoutingMiddleware.php:137
- C:\xampp_new\htdocs\inventario\vendor\cakephp\cakephp\src\Routing\Middleware\RoutingMiddleware.php:126
- C:\xampp_new\htdocs\inventario\vendor\cakephp\cakephp\src\Routing\Middleware\RoutingMiddleware.php:97
- C:\xampp_new\htdocs\inventario\vendor\cakephp\cakephp\src\Routing\Middleware\RoutingMiddleware.php:157
- C:\xampp_new\htdocs\inventario\vendor\cakephp\cakephp\src\Http\Runner.php:82
- C:\xampp_new\htdocs\inventario\vendor\cakephp\cakephp\src\Routing\Middleware\AssetMiddleware.php:68
- C:\xampp_new\htdocs\inventario\vendor\cakephp\cakephp\src\Http\Runner.php:82
- C:\xampp_new\htdocs\inventario\vendor\cakephp\cakephp\src\Error\Middleware\ErrorHandlerMiddleware.php:149
- C:\xampp_new\htdocs\inventario\vendor\cakephp\cakephp\src\Http\Runner.php:82
- C:\xampp_new\htdocs\inventario\vendor\cakephp\debug_kit\src\Middleware\DebugKitMiddleware.php:60
- C:\xampp_new\htdocs\inventario\vendor\cakephp\cakephp\src\Http\Runner.php:82
- C:\xampp_new\htdocs\inventario\vendor\cakephp\cakephp\src\Http\Runner.php:67
- C:\xampp_new\htdocs\inventario\vendor\cakephp\cakephp\src\Http\Server.php:99
- C:\xampp_new\htdocs\inventario\webroot\index.php:40
- [main]:

Request URL: /debug-kit/toolbar/f24f9eb8-02a0-4cf7-bdf2-b64ef28a6f7d
Referer URL: http://localhost/inventario/produtos
2025-11-09 23:35:50 warning: Unable to emit headers. Headers sent in file=C:\xampp_new\htdocs\inventario\vendor\cakephp\cakephp\src\Error\Renderer\HtmlErrorRenderer.php line=37
Request URL: /debug-kit/toolbar/f24f9eb8-02a0-4cf7-bdf2-b64ef28a6f7d
Referer URL: http://localhost/inventario/produtos
Trace:
C:\xampp_new\htdocs\inventario\vendor\cakephp\cakephp\src\Http\ResponseEmitter.php C:\xampp_new\htdocs\inventario\vendor\cakephp\cakephp\src\Http\ResponseEmitter.php, line 71
Cake\Http\ResponseEmitter->emit() C:\xampp_new\htdocs\inventario\vendor\cakephp\cakephp\src\Http\Server.php, line 137
Cake\Http\Server->emit() C:\xampp_new\htdocs\inventario\webroot\index.php, line 40
[main]

2025-11-09 23:35:50 warning: Cannot modify header information - headers already sent by (output started at C:\xampp_new\htdocs\inventario\vendor\cakephp\cakephp\src\Error\Renderer\HtmlErrorRenderer.php:37)
Request URL: /debug-kit/toolbar/f24f9eb8-02a0-4cf7-bdf2-b64ef28a6f7d
Referer URL: http://localhost/inventario/produtos
Trace:
C:\xampp_new\htdocs\inventario\vendor\cakephp\cakephp\src\Http\ResponseEmitter.php C:\xampp_new\htdocs\inventario\vendor\cakephp\cakephp\src\Http\ResponseEmitter.php, line 168
Cake\Http\ResponseEmitter->emitStatusLine() C:\xampp_new\htdocs\inventario\vendor\cakephp\cakephp\src\Http\ResponseEmitter.php, line 74
Cake\Http\ResponseEmitter->emit() C:\xampp_new\htdocs\inventario\vendor\cakephp\cakephp\src\Http\Server.php, line 137
Cake\Http\Server->emit() C:\xampp_new\htdocs\inventario\webroot\index.php, line 40
[main]

2025-11-09 23:35:50 warning: Cannot modify header information - headers already sent by (output started at C:\xampp_new\htdocs\inventario\vendor\cakephp\cakephp\src\Error\Renderer\HtmlErrorRenderer.php:37)
Request URL: /debug-kit/toolbar/f24f9eb8-02a0-4cf7-bdf2-b64ef28a6f7d
Referer URL: http://localhost/inventario/produtos
Trace:
C:\xampp_new\htdocs\inventario\vendor\cakephp\cakephp\src\Http\ResponseEmitter.php C:\xampp_new\htdocs\inventario\vendor\cakephp\cakephp\src\Http\ResponseEmitter.php, line 197
Cake\Http\ResponseEmitter->emitHeaders() C:\xampp_new\htdocs\inventario\vendor\cakephp\cakephp\src\Http\ResponseEmitter.php, line 75
Cake\Http\ResponseEmitter->emit() C:\xampp_new\htdocs\inventario\vendor\cakephp\cakephp\src\Http\Server.php, line 137
Cake\Http\Server->emit() C:\xampp_new\htdocs\inventario\webroot\index.php, line 40
[main]

2025-11-09 23:35:58 warning: Undefined variable $routes
Request URL: /dashboard
Trace:
Cake\Http\BaseApplication->{closure}() C:\xampp_new\htdocs\inventario\vendor\cakephp\cakephp\src\Routing\RouteBuilder.php, line 947
Cake\Routing\RouteBuilder->scope() C:\xampp_new\htdocs\inventario\config\routes.php, line 86
Cake\Http\BaseApplication->{closure}() C:\xampp_new\htdocs\inventario\vendor\cakephp\cakephp\src\Http\BaseApplication.php, line 201
Cake\Http\BaseApplication->routes() C:\xampp_new\htdocs\inventario\vendor\cakephp\cakephp\src\Routing\Middleware\RoutingMiddleware.php, line 137
Cake\Routing\Middleware\RoutingMiddleware->prepareRouteCollection() C:\xampp_new\htdocs\inventario\vendor\cakephp\cakephp\src\Routing\Middleware\RoutingMiddleware.php, line 126
Cake\Routing\Middleware\RoutingMiddleware->buildRouteCollection() C:\xampp_new\htdocs\inventario\vendor\cakephp\cakephp\src\Routing\Middleware\RoutingMiddleware.php, line 97
Cake\Routing\Middleware\RoutingMiddleware->loadRoutes() C:\xampp_new\htdocs\inventario\vendor\cakephp\cakephp\src\Routing\Middleware\RoutingMiddleware.php, line 157
Cake\Routing\Middleware\RoutingMiddleware->process() C:\xampp_new\htdocs\inventario\vendor\cakephp\cakephp\src\Http\Runner.php, line 82
Cake\Http\Runner->handle() C:\xampp_new\htdocs\inventario\vendor\cakephp\cakephp\src\Routing\Middleware\AssetMiddleware.php, line 68
Cake\Routing\Middleware\AssetMiddleware->process() C:\xampp_new\htdocs\inventario\vendor\cakephp\cakephp\src\Http\Runner.php, line 82
Cake\Http\Runner->handle() C:\xampp_new\htdocs\inventario\vendor\cakephp\cakephp\src\Error\Middleware\ErrorHandlerMiddleware.php, line 149
Cake\Error\Middleware\ErrorHandlerMiddleware->process() C:\xampp_new\htdocs\inventario\vendor\cakephp\cakephp\src\Http\Runner.php, line 82
Cake\Http\Runner->handle() C:\xampp_new\htdocs\inventario\vendor\cakephp\debug_kit\src\Middleware\DebugKitMiddleware.php, line 60
DebugKit\Middleware\DebugKitMiddleware->process() C:\xampp_new\htdocs\inventario\vendor\cakephp\cakephp\src\Http\Runner.php, line 82
Cake\Http\Runner->handle() C:\xampp_new\htdocs\inventario\vendor\cakephp\cakephp\src\Http\Runner.php, line 67
Cake\Http\Runner->run() C:\xampp_new\htdocs\inventario\vendor\cakephp\cakephp\src\Http\Server.php, line 99
Cake\Http\Server->run() C:\xampp_new\htdocs\inventario\webroot\index.php, line 40
[main]

2025-11-09 23:35:58 error: [Error] Call to a member function connect() on null in C:\xampp_new\htdocs\inventario\config\routes.php on line 67
Stack Trace:
- C:\xampp_new\htdocs\inventario\vendor\cakephp\cakephp\src\Routing\RouteBuilder.php:947
- C:\xampp_new\htdocs\inventario\config\routes.php:86
- C:\xampp_new\htdocs\inventario\vendor\cakephp\cakephp\src\Http\BaseApplication.php:201
- C:\xampp_new\htdocs\inventario\vendor\cakephp\cakephp\src\Routing\Middleware\RoutingMiddleware.php:137
- C:\xampp_new\htdocs\inventario\vendor\cakephp\cakephp\src\Routing\Middleware\RoutingMiddleware.php:126
- C:\xampp_new\htdocs\inventario\vendor\cakephp\cakephp\src\Routing\Middleware\RoutingMiddleware.php:97
- C:\xampp_new\htdocs\inventario\vendor\cakephp\cakephp\src\Routing\Middleware\RoutingMiddleware.php:157
- C:\xampp_new\htdocs\inventario\vendor\cakephp\cakephp\src\Http\Runner.php:82
- C:\xampp_new\htdocs\inventario\vendor\cakephp\cakephp\src\Routing\Middleware\AssetMiddleware.php:68
- C:\xampp_new\htdocs\inventario\vendor\cakephp\cakephp\src\Http\Runner.php:82
- C:\xampp_new\htdocs\inventario\vendor\cakephp\cakephp\src\Error\Middleware\ErrorHandlerMiddleware.php:149
- C:\xampp_new\htdocs\inventario\vendor\cakephp\cakephp\src\Http\Runner.php:82
- C:\xampp_new\htdocs\inventario\vendor\cakephp\debug_kit\src\Middleware\DebugKitMiddleware.php:60
- C:\xampp_new\htdocs\inventario\vendor\cakephp\cakephp\src\Http\Runner.php:82
- C:\xampp_new\htdocs\inventario\vendor\cakephp\cakephp\src\Http\Runner.php:67
- C:\xampp_new\htdocs\inventario\vendor\cakephp\cakephp\src\Http\Server.php:99
- C:\xampp_new\htdocs\inventario\webroot\index.php:40
- [main]:

Request URL: /dashboard
2025-11-09 23:35:58 warning: Unable to emit headers. Headers sent in file=C:\xampp_new\htdocs\inventario\vendor\cakephp\cakephp\src\Error\Renderer\HtmlErrorRenderer.php line=37
Request URL: /dashboard
Trace:
C:\xampp_new\htdocs\inventario\vendor\cakephp\cakephp\src\Http\ResponseEmitter.php C:\xampp_new\htdocs\inventario\vendor\cakephp\cakephp\src\Http\ResponseEmitter.php, line 71
Cake\Http\ResponseEmitter->emit() C:\xampp_new\htdocs\inventario\vendor\cakephp\cakephp\src\Http\Server.php, line 137
Cake\Http\Server->emit() C:\xampp_new\htdocs\inventario\webroot\index.php, line 40
[main]

2025-11-09 23:35:58 warning: Cannot modify header information - headers already sent by (output started at C:\xampp_new\htdocs\inventario\vendor\cakephp\cakephp\src\Error\Renderer\HtmlErrorRenderer.php:37)
Request URL: /dashboard
Trace:
C:\xampp_new\htdocs\inventario\vendor\cakephp\cakephp\src\Http\ResponseEmitter.php C:\xampp_new\htdocs\inventario\vendor\cakephp\cakephp\src\Http\ResponseEmitter.php, line 168
Cake\Http\ResponseEmitter->emitStatusLine() C:\xampp_new\htdocs\inventario\vendor\cakephp\cakephp\src\Http\ResponseEmitter.php, line 74
Cake\Http\ResponseEmitter->emit() C:\xampp_new\htdocs\inventario\vendor\cakephp\cakephp\src\Http\Server.php, line 137
Cake\Http\Server->emit() C:\xampp_new\htdocs\inventario\webroot\index.php, line 40
[main]

2025-11-09 23:35:58 warning: Cannot modify header information - headers already sent by (output started at C:\xampp_new\htdocs\inventario\vendor\cakephp\cakephp\src\Error\Renderer\HtmlErrorRenderer.php:37)
Request URL: /dashboard
Trace:
C:\xampp_new\htdocs\inventario\vendor\cakephp\cakephp\src\Http\ResponseEmitter.php C:\xampp_new\htdocs\inventario\vendor\cakephp\cakephp\src\Http\ResponseEmitter.php, line 197
Cake\Http\ResponseEmitter->emitHeaders() C:\xampp_new\htdocs\inventario\vendor\cakephp\cakephp\src\Http\ResponseEmitter.php, line 75
Cake\Http\ResponseEmitter->emit() C:\xampp_new\htdocs\inventario\vendor\cakephp\cakephp\src\Http\Server.php, line 137
Cake\Http\Server->emit() C:\xampp_new\htdocs\inventario\webroot\index.php, line 40
[main]

2025-11-09 23:35:58 warning: Cannot modify header information - headers already sent by (output started at C:\xampp_new\htdocs\inventario\vendor\cakephp\cakephp\src\Error\Renderer\HtmlErrorRenderer.php:37)
Request URL: /dashboard
Trace:
C:\xampp_new\htdocs\inventario\vendor\cakephp\cakephp\src\Http\ResponseEmitter.php C:\xampp_new\htdocs\inventario\vendor\cakephp\cakephp\src\Http\ResponseEmitter.php, line 197
Cake\Http\ResponseEmitter->emitHeaders() C:\xampp_new\htdocs\inventario\vendor\cakephp\cakephp\src\Http\ResponseEmitter.php, line 75
Cake\Http\ResponseEmitter->emit() C:\xampp_new\htdocs\inventario\vendor\cakephp\cakephp\src\Http\Server.php, line 137
Cake\Http\Server->emit() C:\xampp_new\htdocs\inventario\webroot\index.php, line 40
[main]

2025-11-09 23:35:58 warning: Undefined variable $routes
Request URL: /debug-kit/toolbar/55eda206-8fc7-4d38-81f1-589ea8e32d1d
Referer URL: http://localhost/inventario/dashboard
Trace:
Cake\Http\BaseApplication->{closure}() C:\xampp_new\htdocs\inventario\vendor\cakephp\cakephp\src\Routing\RouteBuilder.php, line 947
Cake\Routing\RouteBuilder->scope() C:\xampp_new\htdocs\inventario\config\routes.php, line 86
Cake\Http\BaseApplication->{closure}() C:\xampp_new\htdocs\inventario\vendor\cakephp\cakephp\src\Http\BaseApplication.php, line 201
Cake\Http\BaseApplication->routes() C:\xampp_new\htdocs\inventario\vendor\cakephp\cakephp\src\Routing\Middleware\RoutingMiddleware.php, line 137
Cake\Routing\Middleware\RoutingMiddleware->prepareRouteCollection() C:\xampp_new\htdocs\inventario\vendor\cakephp\cakephp\src\Routing\Middleware\RoutingMiddleware.php, line 126
Cake\Routing\Middleware\RoutingMiddleware->buildRouteCollection() C:\xampp_new\htdocs\inventario\vendor\cakephp\cakephp\src\Routing\Middleware\RoutingMiddleware.php, line 97
Cake\Routing\Middleware\RoutingMiddleware->loadRoutes() C:\xampp_new\htdocs\inventario\vendor\cakephp\cakephp\src\Routing\Middleware\RoutingMiddleware.php, line 157
Cake\Routing\Middleware\RoutingMiddleware->process() C:\xampp_new\htdocs\inventario\vendor\cakephp\cakephp\src\Http\Runner.php, line 82
Cake\Http\Runner->handle() C:\xampp_new\htdocs\inventario\vendor\cakephp\cakephp\src\Routing\Middleware\AssetMiddleware.php, line 68
Cake\Routing\Middleware\AssetMiddleware->process() C:\xampp_new\htdocs\inventario\vendor\cakephp\cakephp\src\Http\Runner.php, line 82
Cake\Http\Runner->handle() C:\xampp_new\htdocs\inventario\vendor\cakephp\cakephp\src\Error\Middleware\ErrorHandlerMiddleware.php, line 149
Cake\Error\Middleware\ErrorHandlerMiddleware->process() C:\xampp_new\htdocs\inventario\vendor\cakephp\cakephp\src\Http\Runner.php, line 82
Cake\Http\Runner->handle() C:\xampp_new\htdocs\inventario\vendor\cakephp\debug_kit\src\Middleware\DebugKitMiddleware.php, line 60
DebugKit\Middleware\DebugKitMiddleware->process() C:\xampp_new\htdocs\inventario\vendor\cakephp\cakephp\src\Http\Runner.php, line 82
Cake\Http\Runner->handle() C:\xampp_new\htdocs\inventario\vendor\cakephp\cakephp\src\Http\Runner.php, line 67
Cake\Http\Runner->run() C:\xampp_new\htdocs\inventario\vendor\cakephp\cakephp\src\Http\Server.php, line 99
Cake\Http\Server->run() C:\xampp_new\htdocs\inventario\webroot\index.php, line 40
[main]

2025-11-09 23:35:58 error: [Error] Call to a member function connect() on null in C:\xampp_new\htdocs\inventario\config\routes.php on line 67
Stack Trace:
- C:\xampp_new\htdocs\inventario\vendor\cakephp\cakephp\src\Routing\RouteBuilder.php:947
- C:\xampp_new\htdocs\inventario\config\routes.php:86
- C:\xampp_new\htdocs\inventario\vendor\cakephp\cakephp\src\Http\BaseApplication.php:201
- C:\xampp_new\htdocs\inventario\vendor\cakephp\cakephp\src\Routing\Middleware\RoutingMiddleware.php:137
- C:\xampp_new\htdocs\inventario\vendor\cakephp\cakephp\src\Routing\Middleware\RoutingMiddleware.php:126
- C:\xampp_new\htdocs\inventario\vendor\cakephp\cakephp\src\Routing\Middleware\RoutingMiddleware.php:97
- C:\xampp_new\htdocs\inventario\vendor\cakephp\cakephp\src\Routing\Middleware\RoutingMiddleware.php:157
- C:\xampp_new\htdocs\inventario\vendor\cakephp\cakephp\src\Http\Runner.php:82
- C:\xampp_new\htdocs\inventario\vendor\cakephp\cakephp\src\Routing\Middleware\AssetMiddleware.php:68
- C:\xampp_new\htdocs\inventario\vendor\cakephp\cakephp\src\Http\Runner.php:82
- C:\xampp_new\htdocs\inventario\vendor\cakephp\cakephp\src\Error\Middleware\ErrorHandlerMiddleware.php:149
- C:\xampp_new\htdocs\inventario\vendor\cakephp\cakephp\src\Http\Runner.php:82
- C:\xampp_new\htdocs\inventario\vendor\cakephp\debug_kit\src\Middleware\DebugKitMiddleware.php:60
- C:\xampp_new\htdocs\inventario\vendor\cakephp\cakephp\src\Http\Runner.php:82
- C:\xampp_new\htdocs\inventario\vendor\cakephp\cakephp\src\Http\Runner.php:67
- C:\xampp_new\htdocs\inventario\vendor\cakephp\cakephp\src\Http\Server.php:99
- C:\xampp_new\htdocs\inventario\webroot\index.php:40
- [main]:

Request URL: /debug-kit/toolbar/55eda206-8fc7-4d38-81f1-589ea8e32d1d
Referer URL: http://localhost/inventario/dashboard
2025-11-09 23:35:58 warning: Unable to emit headers. Headers sent in file=C:\xampp_new\htdocs\inventario\vendor\cakephp\cakephp\src\Error\Renderer\HtmlErrorRenderer.php line=37
Request URL: /debug-kit/toolbar/55eda206-8fc7-4d38-81f1-589ea8e32d1d
Referer URL: http://localhost/inventario/dashboard
Trace:
C:\xampp_new\htdocs\inventario\vendor\cakephp\cakephp\src\Http\ResponseEmitter.php C:\xampp_new\htdocs\inventario\vendor\cakephp\cakephp\src\Http\ResponseEmitter.php, line 71
Cake\Http\ResponseEmitter->emit() C:\xampp_new\htdocs\inventario\vendor\cakephp\cakephp\src\Http\Server.php, line 137
Cake\Http\Server->emit() C:\xampp_new\htdocs\inventario\webroot\index.php, line 40
[main]

2025-11-09 23:35:58 warning: Cannot modify header information - headers already sent by (output started at C:\xampp_new\htdocs\inventario\vendor\cakephp\cakephp\src\Error\Renderer\HtmlErrorRenderer.php:37)
Request URL: /debug-kit/toolbar/55eda206-8fc7-4d38-81f1-589ea8e32d1d
Referer URL: http://localhost/inventario/dashboard
Trace:
C:\xampp_new\htdocs\inventario\vendor\cakephp\cakephp\src\Http\ResponseEmitter.php C:\xampp_new\htdocs\inventario\vendor\cakephp\cakephp\src\Http\ResponseEmitter.php, line 168
Cake\Http\ResponseEmitter->emitStatusLine() C:\xampp_new\htdocs\inventario\vendor\cakephp\cakephp\src\Http\ResponseEmitter.php, line 74
Cake\Http\ResponseEmitter->emit() C:\xampp_new\htdocs\inventario\vendor\cakephp\cakephp\src\Http\Server.php, line 137
Cake\Http\Server->emit() C:\xampp_new\htdocs\inventario\webroot\index.php, line 40
[main]

2025-11-09 23:35:58 warning: Cannot modify header information - headers already sent by (output started at C:\xampp_new\htdocs\inventario\vendor\cakephp\cakephp\src\Error\Renderer\HtmlErrorRenderer.php:37)
Request URL: /debug-kit/toolbar/55eda206-8fc7-4d38-81f1-589ea8e32d1d
Referer URL: http://localhost/inventario/dashboard
Trace:
C:\xampp_new\htdocs\inventario\vendor\cakephp\cakephp\src\Http\ResponseEmitter.php C:\xampp_new\htdocs\inventario\vendor\cakephp\cakephp\src\Http\ResponseEmitter.php, line 197
Cake\Http\ResponseEmitter->emitHeaders() C:\xampp_new\htdocs\inventario\vendor\cakephp\cakephp\src\Http\ResponseEmitter.php, line 75
Cake\Http\ResponseEmitter->emit() C:\xampp_new\htdocs\inventario\vendor\cakephp\cakephp\src\Http\Server.php, line 137
Cake\Http\Server->emit() C:\xampp_new\htdocs\inventario\webroot\index.php, line 40
[main]

2025-11-09 23:36:06 warning: Undefined variable $routes
Request URL: /produtos
Referer URL: http://localhost/inventario/produtos/add
Trace:
Cake\Http\BaseApplication->{closure}() C:\xampp_new\htdocs\inventario\vendor\cakephp\cakephp\src\Routing\RouteBuilder.php, line 947
Cake\Routing\RouteBuilder->scope() C:\xampp_new\htdocs\inventario\config\routes.php, line 86
Cake\Http\BaseApplication->{closure}() C:\xampp_new\htdocs\inventario\vendor\cakephp\cakephp\src\Http\BaseApplication.php, line 201
Cake\Http\BaseApplication->routes() C:\xampp_new\htdocs\inventario\vendor\cakephp\cakephp\src\Routing\Middleware\RoutingMiddleware.php, line 137
Cake\Routing\Middleware\RoutingMiddleware->prepareRouteCollection() C:\xampp_new\htdocs\inventario\vendor\cakephp\cakephp\src\Routing\Middleware\RoutingMiddleware.php, line 126
Cake\Routing\Middleware\RoutingMiddleware->buildRouteCollection() C:\xampp_new\htdocs\inventario\vendor\cakephp\cakephp\src\Routing\Middleware\RoutingMiddleware.php, line 97
Cake\Routing\Middleware\RoutingMiddleware->loadRoutes() C:\xampp_new\htdocs\inventario\vendor\cakephp\cakephp\src\Routing\Middleware\RoutingMiddleware.php, line 157
Cake\Routing\Middleware\RoutingMiddleware->process() C:\xampp_new\htdocs\inventario\vendor\cakephp\cakephp\src\Http\Runner.php, line 82
Cake\Http\Runner->handle() C:\xampp_new\htdocs\inventario\vendor\cakephp\cakephp\src\Routing\Middleware\AssetMiddleware.php, line 68
Cake\Routing\Middleware\AssetMiddleware->process() C:\xampp_new\htdocs\inventario\vendor\cakephp\cakephp\src\Http\Runner.php, line 82
Cake\Http\Runner->handle() C:\xampp_new\htdocs\inventario\vendor\cakephp\cakephp\src\Error\Middleware\ErrorHandlerMiddleware.php, line 149
Cake\Error\Middleware\ErrorHandlerMiddleware->process() C:\xampp_new\htdocs\inventario\vendor\cakephp\cakephp\src\Http\Runner.php, line 82
Cake\Http\Runner->handle() C:\xampp_new\htdocs\inventario\vendor\cakephp\debug_kit\src\Middleware\DebugKitMiddleware.php, line 60
DebugKit\Middleware\DebugKitMiddleware->process() C:\xampp_new\htdocs\inventario\vendor\cakephp\cakephp\src\Http\Runner.php, line 82
Cake\Http\Runner->handle() C:\xampp_new\htdocs\inventario\vendor\cakephp\cakephp\src\Http\Runner.php, line 67
Cake\Http\Runner->run() C:\xampp_new\htdocs\inventario\vendor\cakephp\cakephp\src\Http\Server.php, line 99
Cake\Http\Server->run() C:\xampp_new\htdocs\inventario\webroot\index.php, line 40
[main]

2025-11-09 23:36:06 error: [Error] Call to a member function connect() on null in C:\xampp_new\htdocs\inventario\config\routes.php on line 67
Stack Trace:
- C:\xampp_new\htdocs\inventario\vendor\cakephp\cakephp\src\Routing\RouteBuilder.php:947
- C:\xampp_new\htdocs\inventario\config\routes.php:86
- C:\xampp_new\htdocs\inventario\vendor\cakephp\cakephp\src\Http\BaseApplication.php:201
- C:\xampp_new\htdocs\inventario\vendor\cakephp\cakephp\src\Routing\Middleware\RoutingMiddleware.php:137
- C:\xampp_new\htdocs\inventario\vendor\cakephp\cakephp\src\Routing\Middleware\RoutingMiddleware.php:126
- C:\xampp_new\htdocs\inventario\vendor\cakephp\cakephp\src\Routing\Middleware\RoutingMiddleware.php:97
- C:\xampp_new\htdocs\inventario\vendor\cakephp\cakephp\src\Routing\Middleware\RoutingMiddleware.php:157
- C:\xampp_new\htdocs\inventario\vendor\cakephp\cakephp\src\Http\Runner.php:82
- C:\xampp_new\htdocs\inventario\vendor\cakephp\cakephp\src\Routing\Middleware\AssetMiddleware.php:68
- C:\xampp_new\htdocs\inventario\vendor\cakephp\cakephp\src\Http\Runner.php:82
- C:\xampp_new\htdocs\inventario\vendor\cakephp\cakephp\src\Error\Middleware\ErrorHandlerMiddleware.php:149
- C:\xampp_new\htdocs\inventario\vendor\cakephp\cakephp\src\Http\Runner.php:82
- C:\xampp_new\htdocs\inventario\vendor\cakephp\debug_kit\src\Middleware\DebugKitMiddleware.php:60
- C:\xampp_new\htdocs\inventario\vendor\cakephp\cakephp\src\Http\Runner.php:82
- C:\xampp_new\htdocs\inventario\vendor\cakephp\cakephp\src\Http\Runner.php:67
- C:\xampp_new\htdocs\inventario\vendor\cakephp\cakephp\src\Http\Server.php:99
- C:\xampp_new\htdocs\inventario\webroot\index.php:40
- [main]:

Request URL: /produtos
Referer URL: http://localhost/inventario/produtos/add
2025-11-09 23:36:06 warning: Unable to emit headers. Headers sent in file=C:\xampp_new\htdocs\inventario\vendor\cakephp\cakephp\src\Error\Renderer\HtmlErrorRenderer.php line=37
Request URL: /produtos
Referer URL: http://localhost/inventario/produtos/add
Trace:
C:\xampp_new\htdocs\inventario\vendor\cakephp\cakephp\src\Http\ResponseEmitter.php C:\xampp_new\htdocs\inventario\vendor\cakephp\cakephp\src\Http\ResponseEmitter.php, line 71
Cake\Http\ResponseEmitter->emit() C:\xampp_new\htdocs\inventario\vendor\cakephp\cakephp\src\Http\Server.php, line 137
Cake\Http\Server->emit() C:\xampp_new\htdocs\inventario\webroot\index.php, line 40
[main]

2025-11-09 23:36:06 warning: Cannot modify header information - headers already sent by (output started at C:\xampp_new\htdocs\inventario\vendor\cakephp\cakephp\src\Error\Renderer\HtmlErrorRenderer.php:37)
Request URL: /produtos
Referer URL: http://localhost/inventario/produtos/add
Trace:
C:\xampp_new\htdocs\inventario\vendor\cakephp\cakephp\src\Http\ResponseEmitter.php C:\xampp_new\htdocs\inventario\vendor\cakephp\cakephp\src\Http\ResponseEmitter.php, line 168
Cake\Http\ResponseEmitter->emitStatusLine() C:\xampp_new\htdocs\inventario\vendor\cakephp\cakephp\src\Http\ResponseEmitter.php, line 74
Cake\Http\ResponseEmitter->emit() C:\xampp_new\htdocs\inventario\vendor\cakephp\cakephp\src\Http\Server.php, line 137
Cake\Http\Server->emit() C:\xampp_new\htdocs\inventario\webroot\index.php, line 40
[main]

2025-11-09 23:36:06 warning: Cannot modify header information - headers already sent by (output started at C:\xampp_new\htdocs\inventario\vendor\cakephp\cakephp\src\Error\Renderer\HtmlErrorRenderer.php:37)
Request URL: /produtos
Referer URL: http://localhost/inventario/produtos/add
Trace:
C:\xampp_new\htdocs\inventario\vendor\cakephp\cakephp\src\Http\ResponseEmitter.php C:\xampp_new\htdocs\inventario\vendor\cakephp\cakephp\src\Http\ResponseEmitter.php, line 197
Cake\Http\ResponseEmitter->emitHeaders() C:\xampp_new\htdocs\inventario\vendor\cakephp\cakephp\src\Http\ResponseEmitter.php, line 75
Cake\Http\ResponseEmitter->emit() C:\xampp_new\htdocs\inventario\vendor\cakephp\cakephp\src\Http\Server.php, line 137
Cake\Http\Server->emit() C:\xampp_new\htdocs\inventario\webroot\index.php, line 40
[main]

2025-11-09 23:36:06 warning: Cannot modify header information - headers already sent by (output started at C:\xampp_new\htdocs\inventario\vendor\cakephp\cakephp\src\Error\Renderer\HtmlErrorRenderer.php:37)
Request URL: /produtos
Referer URL: http://localhost/inventario/produtos/add
Trace:
C:\xampp_new\htdocs\inventario\vendor\cakephp\cakephp\src\Http\ResponseEmitter.php C:\xampp_new\htdocs\inventario\vendor\cakephp\cakephp\src\Http\ResponseEmitter.php, line 197
Cake\Http\ResponseEmitter->emitHeaders() C:\xampp_new\htdocs\inventario\vendor\cakephp\cakephp\src\Http\ResponseEmitter.php, line 75
Cake\Http\ResponseEmitter->emit() C:\xampp_new\htdocs\inventario\vendor\cakephp\cakephp\src\Http\Server.php, line 137
Cake\Http\Server->emit() C:\xampp_new\htdocs\inventario\webroot\index.php, line 40
[main]

2025-11-09 23:36:06 warning: Undefined variable $routes
Request URL: /debug-kit/toolbar/81ca504e-a6fc-45f3-a3f9-bd023aae1bd6
Referer URL: http://localhost/inventario/produtos
Trace:
Cake\Http\BaseApplication->{closure}() C:\xampp_new\htdocs\inventario\vendor\cakephp\cakephp\src\Routing\RouteBuilder.php, line 947
Cake\Routing\RouteBuilder->scope() C:\xampp_new\htdocs\inventario\config\routes.php, line 86
Cake\Http\BaseApplication->{closure}() C:\xampp_new\htdocs\inventario\vendor\cakephp\cakephp\src\Http\BaseApplication.php, line 201
Cake\Http\BaseApplication->routes() C:\xampp_new\htdocs\inventario\vendor\cakephp\cakephp\src\Routing\Middleware\RoutingMiddleware.php, line 137
Cake\Routing\Middleware\RoutingMiddleware->prepareRouteCollection() C:\xampp_new\htdocs\inventario\vendor\cakephp\cakephp\src\Routing\Middleware\RoutingMiddleware.php, line 126
Cake\Routing\Middleware\RoutingMiddleware->buildRouteCollection() C:\xampp_new\htdocs\inventario\vendor\cakephp\cakephp\src\Routing\Middleware\RoutingMiddleware.php, line 97
Cake\Routing\Middleware\RoutingMiddleware->loadRoutes() C:\xampp_new\htdocs\inventario\vendor\cakephp\cakephp\src\Routing\Middleware\RoutingMiddleware.php, line 157
Cake\Routing\Middleware\RoutingMiddleware->process() C:\xampp_new\htdocs\inventario\vendor\cakephp\cakephp\src\Http\Runner.php, line 82
Cake\Http\Runner->handle() C:\xampp_new\htdocs\inventario\vendor\cakephp\cakephp\src\Routing\Middleware\AssetMiddleware.php, line 68
Cake\Routing\Middleware\AssetMiddleware->process() C:\xampp_new\htdocs\inventario\vendor\cakephp\cakephp\src\Http\Runner.php, line 82
Cake\Http\Runner->handle() C:\xampp_new\htdocs\inventario\vendor\cakephp\cakephp\src\Error\Middleware\ErrorHandlerMiddleware.php, line 149
Cake\Error\Middleware\ErrorHandlerMiddleware->process() C:\xampp_new\htdocs\inventario\vendor\cakephp\cakephp\src\Http\Runner.php, line 82
Cake\Http\Runner->handle() C:\xampp_new\htdocs\inventario\vendor\cakephp\debug_kit\src\Middleware\DebugKitMiddleware.php, line 60
DebugKit\Middleware\DebugKitMiddleware->process() C:\xampp_new\htdocs\inventario\vendor\cakephp\cakephp\src\Http\Runner.php, line 82
Cake\Http\Runner->handle() C:\xampp_new\htdocs\inventario\vendor\cakephp\cakephp\src\Http\Runner.php, line 67
Cake\Http\Runner->run() C:\xampp_new\htdocs\inventario\vendor\cakephp\cakephp\src\Http\Server.php, line 99
Cake\Http\Server->run() C:\xampp_new\htdocs\inventario\webroot\index.php, line 40
[main]

2025-11-09 23:36:06 error: [Error] Call to a member function connect() on null in C:\xampp_new\htdocs\inventario\config\routes.php on line 67
Stack Trace:
- C:\xampp_new\htdocs\inventario\vendor\cakephp\cakephp\src\Routing\RouteBuilder.php:947
- C:\xampp_new\htdocs\inventario\config\routes.php:86
- C:\xampp_new\htdocs\inventario\vendor\cakephp\cakephp\src\Http\BaseApplication.php:201
- C:\xampp_new\htdocs\inventario\vendor\cakephp\cakephp\src\Routing\Middleware\RoutingMiddleware.php:137
- C:\xampp_new\htdocs\inventario\vendor\cakephp\cakephp\src\Routing\Middleware\RoutingMiddleware.php:126
- C:\xampp_new\htdocs\inventario\vendor\cakephp\cakephp\src\Routing\Middleware\RoutingMiddleware.php:97
- C:\xampp_new\htdocs\inventario\vendor\cakephp\cakephp\src\Routing\Middleware\RoutingMiddleware.php:157
- C:\xampp_new\htdocs\inventario\vendor\cakephp\cakephp\src\Http\Runner.php:82
- C:\xampp_new\htdocs\inventario\vendor\cakephp\cakephp\src\Routing\Middleware\AssetMiddleware.php:68
- C:\xampp_new\htdocs\inventario\vendor\cakephp\cakephp\src\Http\Runner.php:82
- C:\xampp_new\htdocs\inventario\vendor\cakephp\cakephp\src\Error\Middleware\ErrorHandlerMiddleware.php:149
- C:\xampp_new\htdocs\inventario\vendor\cakephp\cakephp\src\Http\Runner.php:82
- C:\xampp_new\htdocs\inventario\vendor\cakephp\debug_kit\src\Middleware\DebugKitMiddleware.php:60
- C:\xampp_new\htdocs\inventario\vendor\cakephp\cakephp\src\Http\Runner.php:82
- C:\xampp_new\htdocs\inventario\vendor\cakephp\cakephp\src\Http\Runner.php:67
- C:\xampp_new\htdocs\inventario\vendor\cakephp\cakephp\src\Http\Server.php:99
- C:\xampp_new\htdocs\inventario\webroot\index.php:40
- [main]:

Request URL: /debug-kit/toolbar/81ca504e-a6fc-45f3-a3f9-bd023aae1bd6
Referer URL: http://localhost/inventario/produtos
2025-11-09 23:36:07 warning: Unable to emit headers. Headers sent in file=C:\xampp_new\htdocs\inventario\vendor\cakephp\cakephp\src\Error\Renderer\HtmlErrorRenderer.php line=37
Request URL: /debug-kit/toolbar/81ca504e-a6fc-45f3-a3f9-bd023aae1bd6
Referer URL: http://localhost/inventario/produtos
Trace:
C:\xampp_new\htdocs\inventario\vendor\cakephp\cakephp\src\Http\ResponseEmitter.php C:\xampp_new\htdocs\inventario\vendor\cakephp\cakephp\src\Http\ResponseEmitter.php, line 71
Cake\Http\ResponseEmitter->emit() C:\xampp_new\htdocs\inventario\vendor\cakephp\cakephp\src\Http\Server.php, line 137
Cake\Http\Server->emit() C:\xampp_new\htdocs\inventario\webroot\index.php, line 40
[main]

2025-11-09 23:36:07 warning: Cannot modify header information - headers already sent by (output started at C:\xampp_new\htdocs\inventario\vendor\cakephp\cakephp\src\Error\Renderer\HtmlErrorRenderer.php:37)
Request URL: /debug-kit/toolbar/81ca504e-a6fc-45f3-a3f9-bd023aae1bd6
Referer URL: http://localhost/inventario/produtos
Trace:
C:\xampp_new\htdocs\inventario\vendor\cakephp\cakephp\src\Http\ResponseEmitter.php C:\xampp_new\htdocs\inventario\vendor\cakephp\cakephp\src\Http\ResponseEmitter.php, line 168
Cake\Http\ResponseEmitter->emitStatusLine() C:\xampp_new\htdocs\inventario\vendor\cakephp\cakephp\src\Http\ResponseEmitter.php, line 74
Cake\Http\ResponseEmitter->emit() C:\xampp_new\htdocs\inventario\vendor\cakephp\cakephp\src\Http\Server.php, line 137
Cake\Http\Server->emit() C:\xampp_new\htdocs\inventario\webroot\index.php, line 40
[main]

2025-11-09 23:36:07 warning: Cannot modify header information - headers already sent by (output started at C:\xampp_new\htdocs\inventario\vendor\cakephp\cakephp\src\Error\Renderer\HtmlErrorRenderer.php:37)
Request URL: /debug-kit/toolbar/81ca504e-a6fc-45f3-a3f9-bd023aae1bd6
Referer URL: http://localhost/inventario/produtos
Trace:
C:\xampp_new\htdocs\inventario\vendor\cakephp\cakephp\src\Http\ResponseEmitter.php C:\xampp_new\htdocs\inventario\vendor\cakephp\cakephp\src\Http\ResponseEmitter.php, line 197
Cake\Http\ResponseEmitter->emitHeaders() C:\xampp_new\htdocs\inventario\vendor\cakephp\cakephp\src\Http\ResponseEmitter.php, line 75
Cake\Http\ResponseEmitter->emit() C:\xampp_new\htdocs\inventario\vendor\cakephp\cakephp\src\Http\Server.php, line 137
Cake\Http\Server->emit() C:\xampp_new\htdocs\inventario\webroot\index.php, line 40
[main]

